plasma_source,material,nozzle,thickness,gauge,cut_height,pierce_height,pierce_delay,current,feed,volts,kerf_width,metric,quality
Powermax 45 XP,Mild Steel,Standard,0.0598,16 GA,0.06,0.15,0.1,45,249,128,0.053,0,High Quality
Powermax 45 XP,Mild Steel,Standard,0.0747,14 GA,0.06,0.15,0.2,45,225,128,0.054,0,High Quality
Powermax 45 XP,Mild Steel,Standard,0.1345,10 GA,0.06,0.15,0.4,45,129,128,0.057,0,High Quality
Powermax 45 XP,Mild Steel,Standard,,"3/16""",0.06,0.15,0.5,45,85,129,0.059,0,High Quality
Powermax 45 XP,Mild Steel,Standard,,"1/4""",0.06,0.15,0.6,45,48,130,0.061,0,High Quality
Powermax 45 XP,Mild Steel,Standard,,"3/8""",0.06,0.15,0.8,45,33,136,0.069,0,High Quality
Powermax 45 XP,Mild Steel,Standard,,"1/2""",0.06,0.15,1,45,18,141,0.077,0,High Quality
Powermax 45 XP,Mild Steel,Standard,,"5/8""",0.06,0,0,45,13,146,0.082,0,High Quality
Powermax 45 XP,Mild Steel,Standard,,"3/4""",0.06,0,0,45,7,151,0.086,0,High Quality
Powermax 45 XP,Mild Steel,Standard,,"7/8""",0.06,0,0,45,6,154,0.103,0,High Quality
Powermax 45 XP,Mild Steel,Standard,,"1""",0.06,0,0,45,4,157,0.119,0,High Quality
Powermax 45 XP,Stainless Steel,Standard,0.0625,16 GA,0.06,0.15,0.1,45,237,125,0.017,0,High Quality
Powermax 45 XP,Stainless Steel,Standard,0.0781,14 GA,0.06,0.15,0.2,45,230,126,0.022,0,High Quality
Powermax 45 XP,Stainless Steel,Standard,0.1406,10 GA,0.06,0.15,0.4,45,90,130,0.041,0,High Quality
Powermax 45 XP,Stainless Steel,Standard,,"3/16""",0.06,0.15,0.5,45,63,131,0.044,0,High Quality
Powermax 45 XP,Stainless Steel,Standard,,"1/4""",0.06,0.15,0.6,45,40,131,0.047,0,High Quality
Powermax 45 XP,Stainless Steel,Standard,,"3/8""",0.06,0.15,0.8,45,26,137,0.061,0,High Quality
Powermax 45 XP,Stainless Steel,Standard,,"1/2""",0.06,0.18,1.2,45,12,142,0.075,0,High Quality
Powermax 45 XP,Stainless Steel,Standard,,"5/8""",0.06,0,0,45,10,145,0.096,0,High Quality
Powermax 45 XP,Stainless Steel,Standard,,"3/4""",0.06,0,0,45,8,148,0.116,0,High Quality
Powermax 45 XP,Stainless Steel,Standard,,"7/8""",0.06,0,0,45,5,151,0.137,0,High Quality
Powermax 45 XP,Aluminum,Standard,,10-Jan,0.06,0.15,0.2,45,240,126,0.056,0,High Quality
Powermax 45 XP,Aluminum,Standard,,8-Jan,0.06,0.15,0.4,45,170,131,0.06,0,High Quality
Powermax 45 XP,Aluminum,Standard,,16-Mar,0.06,0.15,0.4,45,120,134,0.061,0,High Quality
Powermax 45 XP,Aluminum,Standard,,4-Jan,0.06,0.15,0.5,45,70,137,0.063,0,High Quality
Powermax 45 XP,Aluminum,Standard,,8-Mar,0.06,0.15,0.7,45,36,141,0.073,0,High Quality
Powermax 45 XP,Aluminum,Standard,,2-Jan,0.06,0,0,45,21,145,0.082,0,High Quality
Powermax 45 XP,Aluminum,Standard,,8-May,0.06,0,0,45,15,152,0.1,0,High Quality
Powermax 45 XP,Aluminum,Standard,,4-Mar,0.06,0,0,45,8,158,0.117,0,High Quality
Powermax 45 XP,Mild Steel,FineCut,0.0179,26 GA,0.06,0.15,0,30,150,70,0.026,0,High Quality
Powermax 45 XP,Mild Steel,FineCut,0.0239,24 GA,0.06,0.15,0,30,150,68,0.024,0,High Quality
Powermax 45 XP,Mild Steel,FineCut,0.0239,22 GA,0.06,0.15,0.1,30,150,70,0.025,0,High Quality
Powermax 45 XP,Mild Steel,FineCut,0.0359,20 GA,0.06,0.15,0.1,30,150,71,0.025,0,High Quality
Powermax 45 XP,Mild Steel,FineCut,0.0478,18 GA,0.06,0.15,0.2,40,150,73,0.031,0,High Quality
Powermax 45 XP,Mild Steel,FineCut,0.0598,16 GA,0.06,0.15,0.4,40,150,75,0.029,0,High Quality
Powermax 45 XP,Mild Steel,FineCut,0.0747,14 GA,0.06,0.15,0.4,45,150,76,0.027,0,High Quality
Powermax 45 XP,Mild Steel,FineCut,0.1046,12 GA,0.06,0.15,0.5,45,120,78,0.052,0,High Quality
Powermax 45 XP,Mild Steel,FineCut,0.1345,10 GA,0.06,0.15,0.5,45,95,78,0.051,0,High Quality
Powermax 45 XP,Mild Steel,FineCut,,0.5 mm,0.06,0.15,0,30,149.6062992,69,0.023622047,1,High Quality
Powermax 45 XP,Mild Steel,FineCut,,0.6 mm,0.06,0.15,0,30,149.6062992,68,0.023622047,1,High Quality
Powermax 45 XP,Mild Steel,FineCut,,0.8 mm,0.06,0.15,0.1,30,149.6062992,70,0.023622047,1,High Quality
Powermax 45 XP,Mild Steel,FineCut,,1 mm,0.06,0.15,0.2,40,149.6062992,72,0.031496063,1,High Quality
Powermax 45 XP,Mild Steel,FineCut,,1.5 mm,0.06,0.15,0.4,40,149.6062992,75,0.031496063,1,High Quality
Powermax 45 XP,Mild Steel,FineCut,,2 mm,0.06,0.15,0.4,45,145.6692913,76,0.027559055,1,High Quality
Powermax 45 XP,Mild Steel,FineCut,,3 mm,0.06,0.15,0.5,45,108.2677165,78,0.051181102,1,High Quality
Powermax 45 XP,Mild Steel,FineCut,,4 mm,0.06,0.15,0.6,45,74.80314961,78,0.059055118,1,High Quality
Powermax 45 XP,Mild Steel,FineCut,,0.5 mm,0.06,0.15,0,40,324.8031496,78,0.027559055,1,Production
Powermax 45 XP,Mild Steel,FineCut,,0.6 mm,0.06,0.15,0,40,324.8031496,78,0.027559055,1,Production
Powermax 45 XP,Mild Steel,FineCut,,0.8 mm,0.06,0.15,0.1,40,324.8031496,78,0.023622047,1,Production
Powermax 45 XP,Mild Steel,FineCut,,1 mm,0.06,0.15,0.2,45,324.8031496,78,0.027559055,1,Production
Powermax 45 XP,Mild Steel,FineCut,,1.5 mm,0.06,0.15,0.4,45,251.9685039,78,0.047244095,1,Production
Powermax 45 XP,Mild Steel,FineCut,,2 mm,0.06,0.15,0.4,45,206.6929134,82,0.051181102,1,Production
Powermax 45 XP,Mild Steel,FineCut,,3 mm,0.06,0.15,0.5,45,108.2677165,83,0.051181102,1,Production
Powermax 45 XP,Mild Steel,FineCut,,4 mm,0.06,0.15,0.6,45,74.80314961,84,0.051181102,1,Production
Powermax 45 XP,Mild Steel,Standard,0.0598,16 GA,0.06,0.15,0.1,45,320,125,0.053,0,Production
Powermax 45 XP,Mild Steel,Standard,0.0747,14 GA,0.06,0.15,0.2,45,320,125,0.054,0,Production
Powermax 45 XP,Mild Steel,Standard,0.1345,10 GA,0.06,0.15,0.4,45,181,128,0.057,0,Production
Powermax 45 XP,Mild Steel,Standard,,"3/16""",0.06,0.15,0.5,45,122,127,0.059,0,Production
Powermax 45 XP,Mild Steel,Standard,,"1/4""",0.06,0.15,0.6,45,72,127,0.061,0,Production
Powermax 45 XP,Mild Steel,Standard,,"3/8""",0.06,0.15,0.8,45,38,133,0.069,0,Production
Powermax 45 XP,Mild Steel,Standard,,"1/2""",0.06,0.15,1,45,24,139,0.077,0,Production
Powermax 45 XP,Mild Steel,Standard,,"5/8""",0.06,0,0,45,16,141,0.082,0,Production
Powermax 45 XP,Mild Steel,Standard,,"3/4""",0.06,0,0,45,10,145,0.086,0,Production
Powermax 45 XP,Mild Steel,Standard,,"7/8""",0.06,0,0,45,8,151,0.103,0,Production
Powermax 45 XP,Mild Steel,Standard,,"1""",0.06,0,0,45,6,154,0.119,0,Production
Powermax 45 XP,Stainless Steel,Standard,0.0625,16 GA,0.06,0.15,0.1,45,320,128,0.017,0,Production
Powermax 45 XP,Stainless Steel,Standard,0.0781,14 GA,0.06,0.15,0.2,45,320,129,0.022,0,Production
Powermax 45 XP,Stainless Steel,Standard,0.1406,10 GA,0.06,0.15,0.4,45,134,128,0.041,0,Production
Powermax 45 XP,Stainless Steel,Standard,,"3/16""",0.06,0.15,0.5,45,93,130,0.044,0,Production
Powermax 45 XP,Stainless Steel,Standard,,"1/4""",0.06,0.15,0.6,45,59,131,0.047,0,Production
Powermax 45 XP,Stainless Steel,Standard,,"3/8""",0.06,0.15,0.8,45,29,136,0.061,0,Production
Powermax 45 XP,Stainless Steel,Standard,,"1/2""",0.06,0.18,1.2,45,19,140,0.075,0,Production
Powermax 45 XP,Stainless Steel,Standard,,"5/8""",0.06,0,0,45,13,142,0.096,0,Production
Powermax 45 XP,Stainless Steel,Standard,,"3/4""",0.06,0,0,45,9,145,0.116,0,Production
Powermax 45 XP,Stainless Steel,Standard,,"7/8""",0.06,0,0,45,6,149,0.137,0,Production
Powermax 45 XP,Aluminum,Standard,,10-Jan,0.06,0.15,0.2,45,320,131,0.056,0,Production
Powermax 45 XP,Aluminum,Standard,,8-Jan,0.06,0.15,0.4,45,263,128,0.06,0,Production
Powermax 45 XP,Aluminum,Standard,,16-Mar,0.06,0.15,0.4,45,184,130,0.061,0,Production
Powermax 45 XP,Aluminum,Standard,,4-Jan,0.06,0.15,0.5,45,104,132,0.063,0,Production
Powermax 45 XP,Aluminum,Standard,,8-Mar,0.06,0.15,0.7,45,42,139,0.073,0,Production
Powermax 45 XP,Aluminum,Standard,,2-Jan,0.06,0,0,45,26,143,0.082,0,Production
Powermax 45 XP,Aluminum,Standard,,8-May,0.06,0,0,45,14,148,0.1,0,Production
Powermax 45 XP,Aluminum,Standard,,4-Mar,0.06,0,0,45,9,153,0.117,0,Production
Powermax 45 XP,Mild Steel,FineCut,0.0179,26 GA,0.06,0.15,0,40,325,78,0.025,0,Production
Powermax 45 XP,Mild Steel,FineCut,0.0239,24 GA,0.06,0.15,0,40,325,78,0.029,0,Production
Powermax 45 XP,Mild Steel,FineCut,0.0239,22 GA,0.06,0.15,0.1,40,325,78,0.024,0,Production
Powermax 45 XP,Mild Steel,FineCut,0.0359,20 GA,0.06,0.15,0.1,40,325,78,0.02,0,Production
Powermax 45 XP,Mild Steel,FineCut,0.0478,18 GA,0.06,0.15,0.2,45,325,78,0.043,0,Production
Powermax 45 XP,Mild Steel,FineCut,0.0598,16 GA,0.06,0.15,0.4,45,250,78,0.046,0,Production
Powermax 45 XP,Mild Steel,FineCut,0.0747,14 GA,0.06,0.15,0.4,45,200,78,0.049,0,Production
Powermax 45 XP,Mild Steel,FineCut,0.1046,12 GA,0.06,0.15,0.5,45,120,78,0.052,0,Production
Powermax 45 XP,Mild Steel,FineCut,0.1345,10 GA,0.06,0.15,0.5,45,95,78,0.051,0,Production
Powermax 45 XP,Mild Steel,Standard,,2 mm,0.06,0.15,0.2,45,218.8976378,128,0.05511811,1,High Quality
Powermax 45 XP,Mild Steel,Standard,,3 mm,0.06,0.15,0.2,45,155.9055118,128,0.05511811,1,High Quality
Powermax 45 XP,Mild Steel,Standard,,4 mm,0.06,0.15,0.4,45,110.2362205,128,0.059055118,1,High Quality
Powermax 45 XP,Mild Steel,Standard,,6 mm,0.06,0.15,0.6,45,56.2992126,130,0.059055118,1,High Quality
Powermax 45 XP,Mild Steel,Standard,,8 mm,0.06,0.15,0.6,45,40.15748032,133,0.066929134,1,High Quality
Powermax 45 XP,Mild Steel,Standard,,10 mm,0.06,0.15,0.8,45,30.70866142,136,0.070866142,1,High Quality
Powermax 45 XP,Mild Steel,Standard,,12 mm,0.06,0.15,1,45,21.25984252,140,0.07480315,1,High Quality
Powermax 45 XP,Mild Steel,Standard,,16 mm,0.06,0,0,45,12.20472441,146,0.082677165,1,High Quality
Powermax 45 XP,Mild Steel,Standard,,20 mm,0.06,0,0,45,6.692913386,152,0.090551181,1,High Quality
Powermax 45 XP,Mild Steel,Standard,,25 mm,0.06,0,0,45,4.330708661,157,0.118110236,1,High Quality
Powermax 45 XP,Mild Steel,Standard,,2 mm,0.06,0.15,0.2,45,311.4173228,125,0.05511811,1,Production
Powermax 45 XP,Mild Steel,Standard,,3 mm,0.06,0.15,0.2,45,220.0787402,127,0.05511811,1,Production
Powermax 45 XP,Mild Steel,Standard,,4 mm,0.06,0.15,0.4,45,155.9055118,128,0.059055118,1,Production
Powermax 45 XP,Mild Steel,Standard,,6 mm,0.06,0.15,0.6,45,83.07086614,127,0.059055118,1,Production
Powermax 45 XP,Mild Steel,Standard,,8 mm,0.06,0.15,0.6,45,54.52755906,130,0.066929134,1,Production
Powermax 45 XP,Mild Steel,Standard,,10 mm,0.06,0.15,0.8,45,36.22047244,134,0.070866142,1,Production
Powermax 45 XP,Mild Steel,Standard,,12 mm,0.06,0.15,1,45,27.16535433,138,0.07480315,1,Production
Powermax 45 XP,Mild Steel,Standard,,16 mm,0.06,0,0,45,15.7480315,141,0.082677165,1,Production
Powermax 45 XP,Mild Steel,Standard,,20 mm,0.06,0,0,45,9.448818898,147,0.090551181,1,Production
Powermax 45 XP,Mild Steel,Standard,,25 mm,0.06,0,0,45,5.708661417,154,0.118110236,1,Production
Powermax 65,Mild Steel,Standard,0.1345,10 GA,0.06,0.15,0.1,65,190,125,0.057,0,High Quality
Powermax 65,Mild Steel,Standard,,"3/16""",0.06,0.15,0.2,65,140,126,0.059,0,High Quality
Powermax 65,Mild Steel,Standard,,"1/4""",0.06,0.15,0.5,65,90,127,0.061,0,High Quality
Powermax 65,Mild Steel,Standard,,"3/8""",0.06,0.15,0.7,65,45,130,0.069,0,High Quality
Powermax 65,Mild Steel,Standard,,"1/2""",0.06,0.18,1.2,65,30,135,0.077,0,High Quality
Powermax 65,Mild Steel,Standard,,"5/8""",0.06,0.24,2,65,23,138,0.082,0,High Quality
Powermax 65,Mild Steel,Standard,,"3/4""",0.06,0,0,65,15,141,0.086,0,High Quality
Powermax 65,Mild Steel,Standard,,"7/8""",0.06,0,0,65,12,143,0.103,0,High Quality
Powermax 65,Mild Steel,Standard,,"1""",0.06,0,0,65,8,145,0.119,0,High Quality
Powermax 65,Mild Steel,Standard,0.1345,10 GA,0.06,0.15,0.1,65,224,123,0.057,0,Production
Powermax 65,Mild Steel,Standard,,"3/16""",0.06,0.15,0.2,65,168,125,0.059,0,Production
Powermax 65,Mild Steel,Standard,,"1/4""",0.06,0.15,0.5,65,116,127,0.061,0,Production
Powermax 65,Mild Steel,Standard,,"3/8""",0.06,0.15,0.7,65,62,129,0.069,0,Production
Powermax 65,Mild Steel,Standard,,"1/2""",0.06,0.18,1.2,65,40,132,0.077,0,Production
Powermax 65,Mild Steel,Standard,,"5/8""",0.06,0.24,2,65,26,136,0.082,0,Production
Powermax 65,Mild Steel,Standard,,"3/4""",0.06,0,0,65,19,141,0.086,0,Production
Powermax 65,Mild Steel,Standard,,"7/8""",0.06,0,0,65,14,143,0.103,0,Production
Powermax 65,Mild Steel,Standard,,"1""",0.06,0,0,65,10,145,0.119,0,Production
Powermax 65,Mild Steel,Standard,,3 mm,0.06,0.149606,0.2,65,240.1575,123,0.05511811,1,Production
Powermax 65,Mild Steel,Standard,,4 mm,0.06,0.149606,0.5,65,200.7874,124,0.059055118,1,Production
Powermax 65,Mild Steel,Standard,,6 mm,0.06,0.149606,0.5,65,127.5591,127,0.059055118,1,Production
Powermax 65,Mild Steel,Standard,,8 mm,0.06,0.149606,0.5,65,87.79528,128,0.066929134,1,Production
Powermax 65,Mild Steel,Standard,,10 mm,0.06,0.177165,0.7,65,59.05512,129,0.070866142,1,Production
Powermax 65,Mild Steel,Standard,,12 mm,0.06,0.177165,1.2,65,44.88189,131,0.07480315,1,Production
Powermax 65,Mild Steel,Standard,,16 mm,0.06,0.23622,2,65,25.5906,136,0.082677165,1,Production
Powermax 65,Mild Steel,Standard,,20 mm,0.06,0,0,65,17.7165,142,0.090551181,1,Production
Powermax 65,Mild Steel,Standard,,25 mm,0.06,0,0,65,10.6299,145,0.118110236,1,Production
Powermax 65,Mild Steel,Standard,,3 mm,0.06,0.149606,0.2,65,204.7244094,125,0.05511811,1,High Quality
Powermax 65,Mild Steel,Standard,,4 mm,0.06,0.149606,0.5,65,167.3228346,125,0.059055118,1,High Quality
Powermax 65,Mild Steel,Standard,,6 mm,0.06,0.149606,0.5,65,100.3937008,127,0.059055118,1,High Quality
Powermax 65,Mild Steel,Standard,,8 mm,0.06,0.149606,0.5,65,66.92913386,129,0.066929134,1,High Quality
Powermax 65,Mild Steel,Standard,,10 mm,0.06,0.177165,0.7,65,43.30708661,131,0.070866142,1,High Quality
Powermax 65,Mild Steel,Standard,,12 mm,0.06,0.177165,1.2,65,33.46456693,134,0.07480315,1,High Quality
Powermax 65,Mild Steel,Standard,,16 mm,0.06,0.23622,2,65,22.04724409,138,0.082677165,1,High Quality
Powermax 65,Mild Steel,Standard,,20 mm,0.06,0,0,65,13.77952756,142,0.090551181,1,High Quality
Powermax 65,Mild Steel,Standard,,25 mm,0.06,0,0,65,8.267716535,145,0.118110236,1,High Quality
Powermax 65,Mild Steel,FineCut,0.0179,26 GA,0.06,0.15,0,40,325,78,0.026,0,High Quality
Powermax 65,Mild Steel,FineCut,0.0239,24 GA,0.06,0.15,0,40,325,78,0.024,0,High Quality
Powermax 65,Mild Steel,FineCut,0.0239,22 GA,0.06,0.15,0.1,40,325,78,0.025,0,High Quality
Powermax 65,Mild Steel,FineCut,0.0359,20 GA,0.06,0.15,0.1,40,325,78,0.025,0,High Quality
Powermax 65,Mild Steel,FineCut,0.0478,18 GA,0.06,0.15,0.2,45,325,78,0.031,0,High Quality
Powermax 65,Mild Steel,FineCut,0.0598,16 GA,0.06,0.15,0.4,45,250,78,0.029,0,High Quality
Powermax 65,Mild Steel,FineCut,0.0747,14 GA,0.06,0.15,0.4,45,200,78,0.027,0,High Quality
Powermax 65,Mild Steel,FineCut,0.1046,12 GA,0.06,0.15,0.5,45,120,78,0.052,0,High Quality
Powermax 65,Mild Steel,FineCut,0.1345,10 GA,0.06,0.15,0.5,45,95,78,0.051,0,High Quality
Powermax 65,Mild Steel,FineCut,,0.5 mm,0.06,0.15,0,40,324.8031496,78,0.023622047,1,High Quality
Powermax 65,Mild Steel,FineCut,,0.6 mm,0.06,0.15,0,40,324.8031496,78,0.023622047,1,High Quality
Powermax 65,Mild Steel,FineCut,,0.8 mm,0.06,0.15,0.1,40,324.8031496,78,0.023622047,1,High Quality
Powermax 65,Mild Steel,FineCut,,1 mm,0.06,0.15,0.2,45,324.8031496,78,0.031496063,1,High Quality
Powermax 65,Mild Steel,FineCut,,1.5 mm,0.06,0.15,0.4,45,251.9685039,78,0.031496063,1,High Quality
Powermax 65,Mild Steel,FineCut,,2 mm,0.06,0.15,0.4,45,188.976378,78,0.027559055,1,High Quality
Powermax 65,Mild Steel,FineCut,,3 mm,0.06,0.15,0.5,45,98.42519685,78,0.051181102,1,High Quality
Powermax 65,Mild Steel,FineCut,,4 mm,0.06,0.15,0.6,45,74.80314961,78,0.059055118,1,High Quality
Powermax 65,Aluminum,Standard,,1/16”,0.06,0.15,0.1,65,365,121,0.06,0,High Quality
Powermax 65,Aluminum,Standard,,1/8”,0.06,0.15,0.1,65,280,124,0.061,0,High Quality
Powermax 65,Aluminum,Standard,,1/4”,0.06,0.15,0.5,65,105,131,0.063,0,High Quality
Powermax 65,Aluminum,Standard,,3/8”,0.06,0.15,0.7,65,50,135,0.073,0,High Quality
Powermax 65,Aluminum,Standard,,1/2”,0.06,0.18,1.2,65,35,139,0.082,0,High Quality
Powermax 65,Aluminum,Standard,,5/8”,0.06,0,0,65,26,143,0.1,0,High Quality
Powermax 65,Aluminum,Standard,,3/4”,0.06,0,0,65,16,146,0.117,0,High Quality
Powermax 65,Aluminum,Standard,,1/16”,0.06,0.15,0.1,65,428,121,0.06,0,Production
Powermax 65,Aluminum,Standard,,1/8”,0.06,0.15,0.1,65,336,124,0.061,0,Production
Powermax 65,Aluminum,Standard,,1/4”,0.06,0.15,0.5,65,152,128,0.063,0,Production
Powermax 65,Aluminum,Standard,,3/8”,0.06,0.15,0.7,65,68,131,0.073,0,Production
Powermax 65,Aluminum,Standard,,1/2”,0.06,0.18,1.2,65,48,138,0.082,0,Production
Powermax 65,Aluminum,Standard,,5/8”,0.06,0,0,65,32,141,0.1,0,Production
Powermax 65,Aluminum,Standard,,3/4”,0.06,0,0,65,24,144,0.117,0,Production
Powermax 65,Aluminum,Standard,,2 mm,0.06,0.15,0.1,65,346.4566929,121,0.051181102,1,High Quality
Powermax 65,Aluminum,Standard,,3 mm,0.06,0.15,0.2,65,291.3385827,124,0.059055118,1,High Quality
Powermax 65,Aluminum,Standard,,4 mm,0.06,0.15,0.5,65,236.2204724,126,0.059055118,1,High Quality
Powermax 65,Aluminum,Standard,,6 mm,0.06,0.15,0.5,65,125.984252,130,0.062992126,1,High Quality
Powermax 65,Aluminum,Standard,,8 mm,0.06,0.15,0.7,65,72.83464567,133,0.066929134,1,High Quality
Powermax 65,Aluminum,Standard,,10 mm,0.06,0.18,0.7,65,47.24409449,136,0.07480315,1,High Quality
Powermax 65,Aluminum,Standard,,12 mm,0.06,0.18,1.2,65,39.37007874,138,0.078740158,1,High Quality
Powermax 65,Aluminum,Standard,,16 mm,0.06,0,0,65,25.59055118,143,0.098425197,1,High Quality
Powermax 65,Aluminum,Standard,,20 mm,0.06,0,0,65,14.96062992,147,0.098425197,1,High Quality
Powermax 65,Aluminum,Standard,,2 mm,0.06,0.15,0.1,65,405.511811,122,0.051181102,1,Production
Powermax 65,Aluminum,Standard,,3 mm,0.06,0.15,0.2,65,346.4566929,124,0.059055118,1,Production
Powermax 65,Aluminum,Standard,,4 mm,0.06,0.15,0.5,65,289.3700787,125,0.059055118,1,Production
Powermax 65,Aluminum,Standard,,6 mm,0.06,0.15,0.5,65,173.2283465,128,0.062992126,1,Production
Powermax 65,Aluminum,Standard,,8 mm,0.06,0.15,0.7,65,108.2677165,130,0.066929134,1,Production
Powermax 65,Aluminum,Standard,,10 mm,0.06,0.18,0.7,65,64.96062992,132,0.07480315,1,Production
Powermax 65,Aluminum,Standard,,12 mm,0.06,0.18,1.2,65,52.36220472,136,0.078740158,1,Production
Powermax 65,Aluminum,Standard,,16 mm,0.06,0,0,65,31.49606299,141,0.098425197,1,Production
Powermax 65,Aluminum,Standard,,20 mm,0.06,0,0,65,22.04724409,145,0.098425197,1,Production
Powermax 45 XP,Stainless Steel,FineCut,0.0187,26 GA,0.02,0.08,0,30,150,69,0.028,0,High Quality
Powermax 45 XP,Stainless Steel,FineCut,0.025,24 GA,0.02,0.08,0,30,150,69,0.028,0,High Quality
Powermax 45 XP,Stainless Steel,FineCut,0.0312,22 GA,0.02,0.08,0.1,30,150,69,0.025,0,High Quality
Powermax 45 XP,Stainless Steel,FineCut,0.0375,20 GA,0.02,0.08,0.1,30,150,69,0.023,0,High Quality
Powermax 45 XP,Stainless Steel,FineCut,0.05,18 GA,0.02,0.08,0.2,40,145,69,0.023,0,High Quality
Powermax 45 XP,Stainless Steel,FineCut,0.0625,16 GA,0.02,0.08,0.4,40,115,69,0.022,0,High Quality
Powermax 45 XP,Stainless Steel,FineCut,0.0781,14 GA,0.02,0.08,0.4,40,110,69,0.021,0,High Quality
Powermax 45 XP,Stainless Steel,FineCut,0.1093,12 GA,0.02,0.08,0.5,45,120,80,0.049,0,High Quality
Powermax 45 XP,Stainless Steel,FineCut,0.1406,10 GA,0.02,0.08,0.6,45,75,80,0.055,0,High Quality
Powermax 45 XP,Stainless Steel,FineCut,,0.5 mm,0.02,0.08,0,30,149.6062992,78,0.027559055,1,High Quality
Powermax 45 XP,Stainless Steel,FineCut,,0.6 mm,0.02,0.08,0,30,149.6062992,78,0.027559055,1,High Quality
Powermax 45 XP,Stainless Steel,FineCut,,0.8 mm,0.02,0.08,0.1,30,149.6062992,78,0.027559055,1,High Quality
Powermax 45 XP,Stainless Steel,FineCut,,1 mm,0.02,0.08,0.2,40,149.6062992,78,0.023622047,1,High Quality
Powermax 45 XP,Stainless Steel,FineCut,,1.5 mm,0.02,0.08,0.4,40,114.1732283,78,0.019685039,1,High Quality
Powermax 45 XP,Stainless Steel,FineCut,,2 mm,0.02,0.08,0.4,40,108.2677165,78,0.051181102,1,High Quality
Powermax 45 XP,Stainless Steel,FineCut,,3 mm,0.02,0.08,0.5,45,100.3937008,78,0.05511811,1,High Quality
Powermax 45 XP,Stainless Steel,FineCut,,4 mm,0.02,0.08,0.6,45,41.33858268,78,0.059055118,1,High Quality
Powermax 85,Mild Steel,Standard,0.1345,10 GA,0.06,0.15,0.2,85,250,122,0.057,0,High Quality
Powermax 85,Mild Steel,Standard,,"3/16""",0.06,0.15,0.2,85,185,123,0.059,0,High Quality
Powermax 85,Mild Steel,Standard,,"1/4""",0.06,0.15,0.5,85,130,123,0.061,0,High Quality
Powermax 85,Mild Steel,Standard,,"3/8""",0.06,0.15,0.5,85,70,126,0.069,0,High Quality
Powermax 85,Mild Steel,Standard,,"1/2""",0.06,0.18,0.5,85,45,131,0.077,0,High Quality
Powermax 85,Mild Steel,Standard,,"5/8""",0.06,0.18,1,85,35,134,0.082,0,High Quality
Powermax 85,Mild Steel,Standard,,"3/4""",0.06,0.24,1.5,85,24,136,0.086,0,High Quality
Powermax 85,Mild Steel,Standard,,"7/8""",0.06,0,0,85,19,139,0.103,0,High Quality
Powermax 85,Mild Steel,Standard,,"1""",0.06,0,0,85,13,142,0.119,0,High Quality
Powermax 85,Mild Steel,Standard,,"1-1/8""",0.06,0,0,85,9,145,0.119,0,High Quality
Powermax 85,Mild Steel,Standard,,"1-1/4""",0.06,0,0,85,7,148,0.119,0,High Quality
Powermax 85,Mild Steel,Standard,0.1345,10 GA,0.06,0.15,0.2,85,336,121,0.057,0,Production
Powermax 85,Mild Steel,Standard,,"3/16""",0.06,0.15,0.2,85,220,123,0.059,0,Production
Powermax 85,Mild Steel,Standard,,"1/4""",0.06,0.15,0.5,85,160,126,0.061,0,Production
Powermax 85,Mild Steel,Standard,,"3/8""",0.06,0.15,0.5,85,86,127,0.069,0,Production
Powermax 85,Mild Steel,Standard,,"1/2""",0.06,0.18,0.5,85,56,131,0.077,0,Production
Powermax 85,Mild Steel,Standard,,"5/8""",0.06,0.18,1,85,37,133,0.082,0,Production
Powermax 85,Mild Steel,Standard,,"3/4""",0.06,0.24,1.5,85,29,135,0.086,0,Production
Powermax 85,Mild Steel,Standard,,"7/8""",0.06,0,0,85,22,138,0.103,0,Production
Powermax 85,Mild Steel,Standard,,"1""",0.06,0,0,85,17,141,0.119,0,Production
Powermax 85,Mild Steel,Standard,,"1-1/8""",0.06,0,0,85,13,143,0.119,0,Production
Powermax 85,Mild Steel,Standard,,"1-1/4""",0.06,0,0,85,10,146,0.119,0,Production
Powermax 85,Mild Steel,Standard,,3 mm,0.06,0.149606,0.1,85,362.2047244,120,0.05511811,1,Production
Powermax 85,Mild Steel,Standard,,4 mm,0.06,0.149606,0.2,85,287.4015748,122,0.059055118,1,Production
Powermax 85,Mild Steel,Standard,,6 mm,0.06,0.149606,0.5,85,173.2283465,125,0.059055118,1,Production
Powermax 85,Mild Steel,Standard,,8 mm,0.06,0.149606,0.5,85,122.0472441,127,0.066929134,1,Production
Powermax 85,Mild Steel,Standard,,10 mm,0.06,0.149606,0.5,85,81.49606299,128,0.070866142,1,Production
Powermax 85,Mild Steel,Standard,,12 mm,0.06,0.177165,0.7,85,62.99212598,130,0.07480315,1,Production
Powermax 85,Mild Steel,Standard,,16 mm,0.06,0.177165,1,85,36.61417323,133,0.082677165,1,Production
Powermax 85,Mild Steel,Standard,,20 mm,0.06,0.23622,1.5,85,26.77165354,136,0.090551181,1,Production
Powermax 85,Mild Steel,Standard,,25 mm,0.06,0,0,85,17.71653543,141,0.118110236,1,Production
Powermax 85,Mild Steel,Standard,,30 mm,0.06,0,0,85,11.81102362,144,0.118110236,1,Production
Powermax 85,Mild Steel,Standard,,3 mm,0.06,0.149606,0.1,85,267.7165354,122,0.05511811,1,High Quality
Powermax 85,Mild Steel,Standard,,4 mm,0.06,0.149606,0.2,85,222.4409449,122,0.059055118,1,High Quality
Powermax 85,Mild Steel,Standard,,6 mm,0.06,0.149606,0.5,85,141.7322835,123,0.059055118,1,High Quality
Powermax 85,Mild Steel,Standard,,8 mm,0.06,0.149606,0.5,85,98.42519685,125,0.066929134,1,High Quality
Powermax 85,Mild Steel,Standard,,10 mm,0.06,0.149606,0.5,85,66.14173228,127,0.070866142,1,High Quality
Powermax 85,Mild Steel,Standard,,12 mm,0.06,0.177165,0.7,85,50.39370079,130,0.07480315,1,High Quality
Powermax 85,Mild Steel,Standard,,16 mm,0.06,0.177165,1,85,34.2519685,134,0.082677165,1,High Quality
Powermax 85,Mild Steel,Standard,,20 mm,0.06,0.23622,1.5,85,22.44094488,137,0.090551181,1,High Quality
Powermax 85,Mild Steel,Standard,,25 mm,0.06,0,0,85,13.77952756,142,0.118110236,1,High Quality
Powermax 85,Mild Steel,Standard,,30 mm,0.06,0,0,85,7.874015748,146,0.118110236,1,High Quality
Powermax 65,Mild Steel,FineCut,0.0179,26 GA,0.06,0.15,0,30,150,70,0.026,0,Low Speed
Powermax 65,Mild Steel,FineCut,0.0239,24 GA,0.06,0.15,0,30,150,68,0.024,0,Low Speed
Powermax 65,Mild Steel,FineCut,0.0239,22 GA,0.06,0.15,0.1,30,150,70,0.025,0,Low Speed
Powermax 65,Mild Steel,FineCut,0.0359,20 GA,0.06,0.15,0.1,30,150,71,0.025,0,Low Speed
Powermax 65,Mild Steel,FineCut,0.0478,18 GA,0.06,0.15,0.2,40,150,73,0.031,0,Low Speed
Powermax 65,Mild Steel,FineCut,0.0598,16 GA,0.06,0.15,0.4,40,150,75,0.029,0,Low Speed
Powermax 65,Mild Steel,FineCut,0.0747,14 GA,0.06,0.15,0.4,40,150,76,0.027,0,Low Speed
Powermax 65,Mild Steel,FineCut,0.1046,12 GA,0.06,0.15,0.5,45,120,78,0.052,0,Low Speed
Powermax 65,Mild Steel,FineCut,0.1345,10 GA,0.06,0.15,0.5,45,95,78,0.051,0,Low Speed
Powermax 65,Mild Steel,FineCut,,0.5 mm,0.06,0.15,0,30,149.6062992,69,0.023622047,1,Low Speed
Powermax 65,Mild Steel,FineCut,,0.6 mm,0.06,0.15,0,30,149.6062992,68,0.023622047,1,Low Speed
Powermax 65,Mild Steel,FineCut,,0.8 mm,0.06,0.15,0.1,30,149.6062992,70,0.023622047,1,Low Speed
Powermax 65,Mild Steel,FineCut,,1 mm,0.06,0.15,0.2,40,149.6062992,72,0.031496063,1,Low Speed
Powermax 65,Mild Steel,FineCut,,1.5 mm,0.06,0.15,0.4,40,149.6062992,75,0.031496063,1,Low Speed
Powermax 65,Mild Steel,FineCut,,2 mm,0.06,0.15,0.4,40,145.6692913,76,0.027559055,1,Low Speed
Powermax 65,Mild Steel,FineCut,,3 mm,0.06,0.15,0.5,45,108.2677165,78,0.051181102,1,Low Speed
Powermax 65,Mild Steel,FineCut,,4 mm,0.06,0.15,0.6,45,74.80314961,78,0.059055118,1,Low Speed
Powermax 85,Mild Steel,FineCut,0.0179,26 GA,0.06,0.15,0,30,150,70,0.026,0,Low Speed
Powermax 85,Mild Steel,FineCut,0.0239,24 GA,0.06,0.15,0,30,150,68,0.024,0,Low Speed
Powermax 85,Mild Steel,FineCut,0.0239,22 GA,0.06,0.15,0.1,30,150,70,0.025,0,Low Speed
Powermax 85,Mild Steel,FineCut,0.0359,20 GA,0.06,0.15,0.1,30,150,71,0.025,0,Low Speed
Powermax 85,Mild Steel,FineCut,0.0478,18 GA,0.06,0.15,0.2,40,150,73,0.031,0,Low Speed
Powermax 85,Mild Steel,FineCut,0.0598,16 GA,0.06,0.15,0.4,40,150,75,0.029,0,Low Speed
Powermax 85,Mild Steel,FineCut,0.0747,14 GA,0.06,0.15,0.4,40,150,76,0.027,0,Low Speed
Powermax 85,Mild Steel,FineCut,0.1046,12 GA,0.06,0.15,0.5,45,120,78,0.052,0,Low Speed
Powermax 85,Mild Steel,FineCut,0.1345,10 GA,0.06,0.15,0.5,45,95,78,0.051,0,Low Speed
Powermax 85,Mild Steel,FineCut,,0.5 mm,0.06,0.15,0,30,149.6062992,69,0.023622047,1,Low Speed
Powermax 85,Mild Steel,FineCut,,0.6 mm,0.06,0.15,0,30,149.6062992,68,0.023622047,1,Low Speed
Powermax 85,Mild Steel,FineCut,,0.8 mm,0.06,0.15,0.1,30,149.6062992,70,0.023622047,1,Low Speed
Powermax 85,Mild Steel,FineCut,,1 mm,0.06,0.15,0.2,40,149.6062992,72,0.031496063,1,Low Speed
Powermax 85,Mild Steel,FineCut,,1.5 mm,0.06,0.15,0.4,40,149.6062992,75,0.031496063,1,Low Speed
Powermax 85,Mild Steel,FineCut,,2 mm,0.06,0.15,0.4,40,145.6692913,76,0.027559055,1,Low Speed
Powermax 85,Mild Steel,FineCut,,3 mm,0.06,0.15,0.5,45,108.2677165,78,0.051181102,1,Low Speed
Powermax 85,Mild Steel,FineCut,,4 mm,0.06,0.15,0.6,45,74.80314961,78,0.059055118,1,Low Speed
Powermax 85 SYNC,Mild Steel,Standard,,3 mm,0.125984252,0.149606299,0,85,377.1653543,131,0.059055118,1,Production
Powermax 85 SYNC,Mild Steel,Standard,,4 mm,0.125984252,0.149606299,0.2,85,281.1023622,132,0.066929134,1,Production
Powermax 85 SYNC,Mild Steel,Standard,,6 mm,0.125984252,0.149606299,0.2,85,166.1417323,134,0.07480315,1,Production
Powermax 85 SYNC,Mild Steel,Standard,,8 mm,0.125984252,0.149606299,0.5,85,111.023622,135,0.082677165,1,Production
Powermax 85 SYNC,Mild Steel,Standard,,10 mm,0.125984252,0.188976378,0.5,85,79.92125984,137,0.090551181,1,Production
Powermax 85 SYNC,Mild Steel,Standard,,12 mm,0.125984252,0.188976378,0.5,85,59.84251969,138,0.094488189,1,Production
Powermax 85 SYNC,Mild Steel,Standard,,16 mm,0.125984252,0.188976378,1,85,38.18897638,142,0.102362205,1,Production
Powermax 85 SYNC,Mild Steel,Standard,,20 mm,0.125984252,0.251968504,1.5,85,25.98425197,145,0.110236221,1,Production
Powermax 85 SYNC,Mild Steel,Standard,,25 mm,0.125984252,0,0,85,16.92913386,150,0.118110236,1,Production
Powermax 85 SYNC,Mild Steel,Standard,,30 mm,0.125984252,0,0,85,11.81102362,155,0.133858268,1,Production
Powermax 85 SYNC,Mild Steel,Standard,,3 mm,0.125984252,0.149606299,0,85,272.8346457,134,0.059055118,1,High Quality
Powermax 85 SYNC,Mild Steel,Standard,,4 mm,0.125984252,0.149606299,0.2,85,218.8976378,134,0.066929134,1,High Quality
Powermax 85 SYNC,Mild Steel,Standard,,6 mm,0.125984252,0.149606299,0.2,85,140.1574803,135,0.07480315,1,High Quality
Powermax 85 SYNC,Mild Steel,Standard,,8 mm,0.125984252,0.149606299,0.5,85,92.91338583,136,0.082677165,1,High Quality
Powermax 85 SYNC,Mild Steel,Standard,,10 mm,0.125984252,0.188976378,0.5,85,64.17322835,137,0.090551181,1,High Quality
Powermax 85 SYNC,Mild Steel,Standard,,12 mm,0.125984252,0.188976378,0.5,85,48.81889764,138,0.094488189,1,High Quality
Powermax 85 SYNC,Mild Steel,Standard,,16 mm,0.125984252,0.188976378,1,85,33.07086614,142,0.102362205,1,High Quality
Powermax 85 SYNC,Mild Steel,Standard,,20 mm,0.125984252,0.251968504,1.5,85,22.83464567,147,0.110236221,1,High Quality
Powermax 85 SYNC,Mild Steel,Standard,,25 mm,0.125984252,0,0,85,14.17322835,153,0.118110236,1,High Quality
Powermax 85 SYNC,Mild Steel,Standard,,30 mm,0.125984252,0,0,85,7.874015748,159,0.133858268,1,High Quality
Powermax 85 SYNC,Mild Steel,Standard,0.1345,10 GA,0.125,0.15,0.2,85,334,132,0.063,0,Production
Powermax 85 SYNC,Mild Steel,Standard,,"3/16""",0.125,0.15,0.2,85,226,133,0.07,0,Production
Powermax 85 SYNC,Mild Steel,Standard,,"1/4""",0.125,0.15,0.5,85,153,134,0.077,0,Production
Powermax 85 SYNC,Mild Steel,Standard,,"3/8""",0.125,0.15,0.5,85,86,136,0.088,0,Production
Powermax 85 SYNC,Mild Steel,Standard,,"1/2""",0.125,0.188,0.5,85,55,139,0.096,0,Production
Powermax 85 SYNC,Mild Steel,Standard,,"5/8""",0.125,0.188,1,85,39,142,0.103,0,Production
Powermax 85 SYNC,Mild Steel,Standard,,"3/4""",0.125,0.25,1.5,85,28,144,0.108,0,Production
Powermax 85 SYNC,Mild Steel,Standard,,"7/8""",0.125,0,0,85,22,147,0.114,0,Production
Powermax 85 SYNC,Mild Steel,Standard,,"1""",0.125,0,0,85,17,150,0.12,0,Production
Powermax 85 SYNC,Mild Steel,Standard,,1-1/8”,0.125,0,0,85,13,153,0.128,0,Production
Powermax 85 SYNC,Mild Steel,Standard,,1-1/4”,0.125,0,0,85,10,157,0.139,0,Production
Powermax 85 SYNC,Mild Steel,Standard,0.1345,10 GA,0.125,0.15,0.2,85,250,134,0.063,0,High Quality
Powermax 85 SYNC,Mild Steel,Standard,,"3/16""",0.125,0.15,0.2,85,185,134,0.07,0,High Quality
Powermax 85 SYNC,Mild Steel,Standard,,"1/4""",0.125,0.15,0.5,85,130,135,0.077,0,High Quality
Powermax 85 SYNC,Mild Steel,Standard,,"3/8""",0.125,0.15,0.5,85,70,136,0.088,0,High Quality
Powermax 85 SYNC,Mild Steel,Standard,,"1/2""",0.125,0.188,0.5,85,46,139,0.096,0,High Quality
Powermax 85 SYNC,Mild Steel,Standard,,"5/8""",0.125,0.188,1,85,34,142,0.103,0,High Quality
Powermax 85 SYNC,Mild Steel,Standard,,"3/4""",0.125,0.25,1.5,85,25,146,0.108,0,High Quality
Powermax 85 SYNC,Mild Steel,Standard,,"7/8""",0.125,0,0,85,19,150,0.114,0,High Quality
Powermax 85 SYNC,Mild Steel,Standard,,"1""",0.125,0,0,85,13,153,0.12,0,High Quality
Powermax 85 SYNC,Mild Steel,Standard,,1-1/8”,0.125,0,0,85,9,157,0.128,0,High Quality
Powermax 85 SYNC,Mild Steel,Standard,,1-1/4”,0.125,0,0,85,6,161,0.139,0,High Quality
Powermax 65 SYNC,Mild Steel,Standard,,3 mm,0.125984252,0.149606299,0.1,65,246.0629921,132,0.051181102,1,Production
Powermax 65 SYNC,Mild Steel,Standard,,4 mm,0.125984252,0.149606299,0.1,65,196.8503937,131,0.05511811,1,Production
Powermax 65 SYNC,Mild Steel,Standard,,6 mm,0.125984252,0.149606299,0.2,65,125.984252,132,0.059055118,1,Production
Powermax 65 SYNC,Mild Steel,Standard,,8 mm,0.125984252,0.149606299,0.5,65,83.85826772,133,0.066929134,1,Production
Powermax 65 SYNC,Mild Steel,Standard,,10 mm,0.125984252,0.149606299,0.7,65,59.05511811,135,0.07480315,1,Production
Powermax 65 SYNC,Mild Steel,Standard,,12 mm,0.125984252,0.149606299,1.2,65,44.09448819,137,0.078740158,1,Production
Powermax 65 SYNC,Mild Steel,Standard,,16 mm,0.125984252,0.251968504,2,65,25.98425197,143,0.090551181,1,Production
Powermax 65 SYNC,Mild Steel,Standard,,20 mm,0.125984252,0,0,65,16.92913386,148,0.098425197,1,Production
Powermax 65 SYNC,Mild Steel,Standard,,25 mm,0.125984252,0,0,65,11.02362205,153,0.110236221,1,Production
Powermax 65 SYNC,Mild Steel,Standard,,3 mm,0.125984252,0.149606299,0.1,65,209.8425197,133,0.051181102,1,High Quality
Powermax 65 SYNC,Mild Steel,Standard,,4 mm,0.125984252,0.149606299,0.1,65,166.1417323,133,0.05511811,1,High Quality
Powermax 65 SYNC,Mild Steel,Standard,,6 mm,0.125984252,0.149606299,0.2,65,101.1811024,133,0.059055118,1,High Quality
Powermax 65 SYNC,Mild Steel,Standard,,8 mm,0.125984252,0.149606299,0.5,65,61.02362205,135,0.066929134,1,High Quality
Powermax 65 SYNC,Mild Steel,Standard,,10 mm,0.125984252,0.149606299,0.7,65,40.94488189,137,0.07480315,1,High Quality
Powermax 65 SYNC,Mild Steel,Standard,,12 mm,0.125984252,0.149606299,1.2,65,33.07086614,139,0.078740158,1,High Quality
Powermax 65 SYNC,Mild Steel,Standard,,16 mm,0.125984252,0.251968504,2,65,22.04724409,145,0.090551181,1,High Quality
Powermax 65 SYNC,Mild Steel,Standard,,20 mm,0.125984252,0,0,65,14.96062992,151,0.098425197,1,High Quality
Powermax 65 SYNC,Mild Steel,Standard,,25 mm,0.125984252,0,0,65,7.874015748,155,0.110236221,1,High Quality
Powermax 65 SYNC,Mild Steel,Standard,0.1345,10 GA,0.125,0.15,0.1,65,225,132,0.053,0,Production
Powermax 65 SYNC,Mild Steel,Standard,,"3/16""",0.125,0.15,0.2,65,166,131,0.057,0,Production
Powermax 65 SYNC,Mild Steel,Standard,,"1/4""",0.125,0.15,0.5,65,117,132,0.062,0,Production
Powermax 65 SYNC,Mild Steel,Standard,,"3/8""",0.125,0.15,0.7,65,64,134,0.072,0,Production
Powermax 65 SYNC,Mild Steel,Standard,,"1/2""",0.125,0.15,1.2,65,40,138,0.081,0,Production
Powermax 65 SYNC,Mild Steel,Standard,,"5/8""",0.125,0.25,2,65,27,143,0.089,0,Production
Powermax 65 SYNC,Mild Steel,Standard,,"3/4""",0.125,0,0,65,19,147,0.097,0,Production
Powermax 65 SYNC,Mild Steel,Standard,,"7/8""",0.125,0,0,65,14,151,0.104,0,Production
Powermax 65 SYNC,Mild Steel,Standard,,"1""",0.125,0,0,65,10,153,0.11,0,Production
Powermax 65 SYNC,Mild Steel,Standard,0.1345,10 GA,0.125,0.15,0.1,65,191,133,0.053,0,High Quality
Powermax 65 SYNC,Mild Steel,Standard,,"3/16""",0.125,0.15,0.2,65,138,133,0.057,0,High Quality
Powermax 65 SYNC,Mild Steel,Standard,,"1/4""",0.125,0.15,0.5,65,93,133,0.062,0,High Quality
Powermax 65 SYNC,Mild Steel,Standard,,"3/8""",0.125,0.15,0.7,65,44,136,0.072,0,High Quality
Powermax 65 SYNC,Mild Steel,Standard,,"1/2""",0.125,0.15,1.2,65,30,140,0.081,0,High Quality
Powermax 65 SYNC,Mild Steel,Standard,,"5/8""",0.125,0.25,2,65,22,145,0.089,0,High Quality
Powermax 65 SYNC,Mild Steel,Standard,,"3/4""",0.125,0,0,65,16,150,0.097,0,High Quality
Powermax 65 SYNC,Mild Steel,Standard,,"7/8""",0.125,0,0,65,11,153,0.104,0,High Quality
Powermax 65 SYNC,Mild Steel,Standard,,"1""",0.125,0,0,65,8,155,0.11,0,High Quality
Powermax 105 SYNC,Mild Steel,Standard,,6 mm,0.125984252,0.251968504,0.5,105,192.1259843,143,0.086614173,1,Production
Powermax 105 SYNC,Mild Steel,Standard,,8 mm,0.125984252,0.251968504,0.5,105,146.8503937,144,0.090551181,1,Production
Powermax 105 SYNC,Mild Steel,Standard,,10 mm,0.125984252,0.251968504,0.8,105,107.8740157,145,0.094488189,1,Production
Powermax 105 SYNC,Mild Steel,Standard,,12 mm,0.125984252,0.251968504,0.8,105,81.88976378,146,0.098425197,1,Production
Powermax 105 SYNC,Mild Steel,Standard,,16 mm,0.125984252,0.251968504,1,105,51.96850394,149,0.106299213,1,Production
Powermax 105 SYNC,Mild Steel,Standard,,20 mm,0.125984252,0.251968504,1,105,37.00787402,152,0.110236221,1,Production
Powermax 105 SYNC,Mild Steel,Standard,,25 mm,0.125984252,0,0,105,22.83464567,156,0.114173228,1,Production
Powermax 105 SYNC,Mild Steel,Standard,,30 mm,0.125984252,0,0,105,16.14173228,161,0.12992126,1,Production
Powermax 105 SYNC,Mild Steel,Standard,,32 mm,0.125984252,0,0,105,14.17322835,163,0.141732284,1,Production
Powermax 105 SYNC,Mild Steel,Standard,,35 mm,0.125984252,0,0,105,11.81102362,166,0.157480315,1,Production
Powermax 105 SYNC,Mild Steel,Standard,,40 mm,0.125984252,0,0,105,9.842519685,170,0.200787402,1,Production
Powermax 105 SYNC,Mild Steel,Standard,,6 mm,0.125984252,0.251968504,0.5,105,155.9055118,143,0.086614173,1,High Quality
Powermax 105 SYNC,Mild Steel,Standard,,8 mm,0.125984252,0.251968504,0.5,105,118.8976378,144,0.090551181,1,High Quality
Powermax 105 SYNC,Mild Steel,Standard,,10 mm,0.125984252,0.251968504,0.8,105,88.18897638,145,0.094488189,1,High Quality
Powermax 105 SYNC,Mild Steel,Standard,,12 mm,0.125984252,0.251968504,0.8,105,66.92913386,146,0.098425197,1,High Quality
Powermax 105 SYNC,Mild Steel,Standard,,16 mm,0.125984252,0.251968504,1,105,42.91338583,149,0.106299213,1,High Quality
Powermax 105 SYNC,Mild Steel,Standard,,20 mm,0.125984252,0.251968504,1,105,31.1023622,153,0.110236221,1,High Quality
Powermax 105 SYNC,Mild Steel,Standard,,25 mm,0.125984252,0,0,105,20.86614173,157,0.114173228,1,High Quality
Powermax 105 SYNC,Mild Steel,Standard,,30 mm,0.125984252,0,0,105,14.96062992,162,0.12992126,1,High Quality
Powermax 105 SYNC,Mild Steel,Standard,,32 mm,0.125984252,0,0,105,12.99212598,164,0.141732284,1,High Quality
Powermax 105 SYNC,Mild Steel,Standard,,35 mm,0.125984252,0,0,105,11.02362205,167,0.157480315,1,High Quality
Powermax 105 SYNC,Mild Steel,Standard,,40 mm,0.125984252,0,0,105,7.874015748,172,0.200787402,1,High Quality
Powermax 105 SYNC,Mild Steel,Standard,,"1/4""",0.125,0.25,0.5,105,192,143,0.086,0,Production
Powermax 105 SYNC,Mild Steel,Standard,,"3/8""",0.125,0.25,0.8,105,116,145,0.095,0,Production
Powermax 105 SYNC,Mild Steel,Standard,,"1/2""",0.125,0.25,0.8,105,75,146,0.101,0,Production
Powermax 105 SYNC,Mild Steel,Standard,,"5/8""",0.125,0.25,1,105,53,149,0.105,0,Production
Powermax 105 SYNC,Mild Steel,Standard,,"3/4""",0.125,0.25,1,105,40,151,0.108,0,Production
Powermax 105 SYNC,Mild Steel,Standard,,"7/8""",0.125,0.25,1.3,105,30,154,0.111,0,Production
Powermax 105 SYNC,Mild Steel,Standard,,"1""",0.125,0,0,105,22,157,0.117,0,Production
Powermax 105 SYNC,Mild Steel,Standard,,1-1/8”,0.125,0,0,105,18,160,0.126,0,Production
Powermax 105 SYNC,Mild Steel,Standard,,1-1/4”,0.125,0,0,105,14,163,0.139,0,Production
Powermax 105 SYNC,Mild Steel,Standard,,1-1/2”,0.125,0,0,105,10,168,0.183,0,Production
Powermax 105 SYNC,Mild Steel,Standard,,"1/4""",0.125,0.25,0.5,105,156,143,0.086,0,High Quality
Powermax 105 SYNC,Mild Steel,Standard,,"3/8""",0.125,0.25,0.8,105,94,145,0.095,0,High Quality
Powermax 105 SYNC,Mild Steel,Standard,,"1/2""",0.125,0.25,0.8,105,61,147,0.101,0,High Quality
Powermax 105 SYNC,Mild Steel,Standard,,"5/8""",0.125,0.25,1,105,43,149,0.105,0,High Quality
Powermax 105 SYNC,Mild Steel,Standard,,"3/4""",0.125,0.25,1,105,33,152,0.108,0,High Quality
Powermax 105 SYNC,Mild Steel,Standard,,"7/8""",0.125,0.25,1.3,105,26,155,0.111,0,High Quality
Powermax 105 SYNC,Mild Steel,Standard,,"1""",0.125,0,0,105,20,158,0.117,0,High Quality
Powermax 105 SYNC,Mild Steel,Standard,,1-1/8”,0.125,0,0,105,16,161,0.126,0,High Quality
Powermax 105 SYNC,Mild Steel,Standard,,1-1/4”,0.125,0,0,105,13,164,0.139,0,High Quality
Powermax 105 SYNC,Mild Steel,Standard,,1-1/2”,0.125,0,0,105,9,170,0.183,0,High Quality
Powermax 65 SYNC,Mild Steel,FineCut,,0.5 mm,0.137795276,0.137795276,0,30,149.6062992,98,0.039370079,1,High Quality
Powermax 65 SYNC,Mild Steel,FineCut,,0.6 mm,0.137795276,0.137795276,0,30,149.6062992,97,0.039370079,1,High Quality
Powermax 65 SYNC,Mild Steel,FineCut,,0.8 mm,0.137795276,0.137795276,0,35,149.6062992,95,0.039370079,1,High Quality
Powermax 65 SYNC,Mild Steel,FineCut,,1 mm,0.137795276,0.137795276,0,35,149.6062992,95,0.035433071,1,High Quality
Powermax 65 SYNC,Mild Steel,FineCut,,1.5 mm,0.137795276,0.137795276,0.2,40,149.6062992,94,0.039370079,1,High Quality
Powermax 65 SYNC,Mild Steel,FineCut,,2 mm,0.137795276,0.137795276,0.3,40,93.30708661,93,0.043307087,1,High Quality
Powermax 65 SYNC,Mild Steel,FineCut,,3 mm,0.137795276,0.137795276,0.4,45,108.2677165,90,0.031496063,1,High Quality
Powermax 65 SYNC,Mild Steel,FineCut,,4 mm,0.137795276,0.137795276,0.6,45,88.58267717,88,0.031496063,1,High Quality
Powermax 65 SYNC,Mild Steel,FineCut,,0.5 mm,0.137795276,0.137795276,0,40,350.3937008,90,0.031496063,1,Production
Powermax 65 SYNC,Mild Steel,FineCut,,0.6 mm,0.137795276,0.137795276,0,40,350.3937008,90,0.031496063,1,Production
Powermax 65 SYNC,Mild Steel,FineCut,,0.8 mm,0.137795276,0.137795276,0,40,350.3937008,90,0.023622047,1,Production
Powermax 65 SYNC,Mild Steel,FineCut,,1 mm,0.137795276,0.137795276,0,40,350,90,0.023622047,1,Production
Powermax 65 SYNC,Mild Steel,FineCut,,1.5 mm,0.137795276,0.137795276,0.2,45,257.8740157,88,0.019685039,1,Production
Powermax 65 SYNC,Mild Steel,FineCut,,2 mm,0.137795276,0.137795276,0.3,45,207.0866142,88,0.019685039,1,Production
Powermax 65 SYNC,Mild Steel,FineCut,,3 mm,0.137795276,0.137795276,0.4,45,108.2677165,90,0.031496063,1,Production
Powermax 65 SYNC,Mild Steel,FineCut,,4 mm,0.137795276,0.137795276,0.6,45,88.58267717,88,0.031496063,1,Production
Powermax 65 SYNC,Mild Steel,FineCut,0.0179,26GA,0.14,0.14,0,30,150,98,0.042,0,High Quality
Powermax 65 SYNC,Mild Steel,FineCut,0.0239,24GA,0.14,0.14,0,30,150,97,0.039,0,High Quality
Powermax 65 SYNC,Mild Steel,FineCut,0.0239,22GA,0.14,0.14,0,35,150,95,0.04,0,High Quality
Powermax 65 SYNC,Mild Steel,FineCut,0.0359,20GA,0.14,0.14,0,35,150,95,0.038,0,High Quality
Powermax 65 SYNC,Mild Steel,FineCut,0.0478,18GA,0.14,0.14,0.1,35,150,94,0.035,0,High Quality
Powermax 65 SYNC,Mild Steel,FineCut,0.0598,16GA,0.14,0.14,0.2,40,150,94,0.038,0,High Quality
Powermax 65 SYNC,Mild Steel,FineCut,0.0747,14GA,0.14,0.14,0.3,40,90,93,0.042,0,High Quality
Powermax 65 SYNC,Mild Steel,FineCut,0.1046,12GA,0.14,0.14,0.4,45,115,91,0.032,0,High Quality
Powermax 65 SYNC,Mild Steel,FineCut,0.1345,10GA,0.14,0.14,0.5,45,100,89,0.031,0,High Quality
Powermax 65 SYNC,Mild Steel,FineCut,0.0179,26GA,0.14,0.14,0,40,350,90,0.033,0,Production
Powermax 65 SYNC,Mild Steel,FineCut,0.0239,24GA,0.14,0.14,0,40,350,90,0.032,0,Production
Powermax 65 SYNC,Mild Steel,FineCut,0.0239,22GA,0.14,0.14,0,40,350,90,0.026,0,Production
Powermax 65 SYNC,Mild Steel,FineCut,0.0359,20GA,0.14,0.14,0,40,350,90,0.024,0,Production
Powermax 65 SYNC,Mild Steel,FineCut,0.0478,18GA,0.14,0.14,0.1,45,350,89,0.02,0,Production
Powermax 65 SYNC,Mild Steel,FineCut,0.0598,16GA,0.14,0.14,0.2,45,250,88,0.021,0,Production
Powermax 65 SYNC,Mild Steel,FineCut,0.0747,14GA,0.14,0.14,0.3,45,220,88,0.021,0,Production
Powermax 65 SYNC,Mild Steel,FineCut,0.1046,12GA,0.14,0.14,0.4,45,115,91,0.032,0,Production
Powermax 65 SYNC,Mild Steel,FineCut,0.1345,10GA,0.14,0.14,0.5,45,100,89,0.031,0,Production
Powermax 85 SYNC,Mild Steel,FineCut,,0.5 mm,0.137795276,0.137795276,0,30,149.6062992,98,0.039370079,1,High Quality
Powermax 85 SYNC,Mild Steel,FineCut,,0.6 mm,0.137795276,0.137795276,0,30,149.6062992,97,0.039370079,1,High Quality
Powermax 85 SYNC,Mild Steel,FineCut,,0.8 mm,0.137795276,0.137795276,0,35,149.6062992,95,0.039370079,1,High Quality
Powermax 85 SYNC,Mild Steel,FineCut,,1 mm,0.137795276,0.137795276,0,35,149.6062992,95,0.035433071,1,High Quality
Powermax 85 SYNC,Mild Steel,FineCut,,1.5 mm,0.137795276,0.137795276,0.2,40,149.6062992,94,0.039370079,1,High Quality
Powermax 85 SYNC,Mild Steel,FineCut,,2 mm,0.137795276,0.137795276,0.3,40,93.30708661,93,0.043307087,1,High Quality
Powermax 85 SYNC,Mild Steel,FineCut,,3 mm,0.137795276,0.137795276,0.4,45,108.2677165,90,0.031496063,1,High Quality
Powermax 85 SYNC,Mild Steel,FineCut,,4 mm,0.137795276,0.137795276,0.6,45,88.58267717,88,0.031496063,1,High Quality
Powermax 85 SYNC,Mild Steel,FineCut,,0.5 mm,0.137795276,0.137795276,0,40,350.3937008,90,0.031496063,1,Production
Powermax 85 SYNC,Mild Steel,FineCut,,0.6 mm,0.137795276,0.137795276,0,40,350.3937008,90,0.031496063,1,Production
Powermax 85 SYNC,Mild Steel,FineCut,,0.8 mm,0.137795276,0.137795276,0,40,350.3937008,90,0.023622047,1,Production
Powermax 85 SYNC,Mild Steel,FineCut,,1 mm,0.137795276,0.137795276,0,40,350,90,0.023622047,1,Production
Powermax 85 SYNC,Mild Steel,FineCut,,1.5 mm,0.137795276,0.137795276,0.2,45,257.8740157,88,0.019685039,1,Production
Powermax 85 SYNC,Mild Steel,FineCut,,2 mm,0.137795276,0.137795276,0.3,45,207.0866142,88,0.019685039,1,Production
Powermax 85 SYNC,Mild Steel,FineCut,,3 mm,0.137795276,0.137795276,0.4,45,108.2677165,90,0.031496063,1,Production
Powermax 85 SYNC,Mild Steel,FineCut,,4 mm,0.137795276,0.137795276,0.6,45,88.58267717,88,0.031496063,1,Production
Powermax 85 SYNC,Mild Steel,FineCut,0.0179,26GA,0.14,0.14,0,30,150,98,0.042,0,High Quality
Powermax 85 SYNC,Mild Steel,FineCut,0.0239,24GA,0.14,0.14,0,30,150,97,0.039,0,High Quality
Powermax 85 SYNC,Mild Steel,FineCut,0.0239,22GA,0.14,0.14,0,35,150,95,0.04,0,High Quality
Powermax 85 SYNC,Mild Steel,FineCut,0.0359,20GA,0.14,0.14,0,35,150,95,0.038,0,High Quality
Powermax 85 SYNC,Mild Steel,FineCut,0.0478,18GA,0.14,0.14,0.1,35,150,94,0.035,0,High Quality
Powermax 85 SYNC,Mild Steel,FineCut,0.0598,16GA,0.14,0.14,0.2,40,150,94,0.038,0,High Quality
Powermax 85 SYNC,Mild Steel,FineCut,0.0747,14GA,0.14,0.14,0.3,40,90,93,0.042,0,High Quality
Powermax 85 SYNC,Mild Steel,FineCut,0.1046,12GA,0.14,0.14,0.4,45,115,91,0.032,0,High Quality
Powermax 85 SYNC,Mild Steel,FineCut,0.1345,10GA,0.14,0.14,0.5,45,100,89,0.031,0,High Quality
Powermax 85 SYNC,Mild Steel,FineCut,0.0179,26GA,0.14,0.14,0,40,350,90,0.033,0,Production
Powermax 85 SYNC,Mild Steel,FineCut,0.0239,24GA,0.14,0.14,0,40,350,90,0.032,0,Production
Powermax 85 SYNC,Mild Steel,FineCut,0.0239,22GA,0.14,0.14,0,40,350,90,0.026,0,Production
Powermax 85 SYNC,Mild Steel,FineCut,0.0359,20GA,0.14,0.14,0,40,350,90,0.024,0,Production
Powermax 85 SYNC,Mild Steel,FineCut,0.0478,18GA,0.14,0.14,0.1,45,350,89,0.02,0,Production
Powermax 85 SYNC,Mild Steel,FineCut,0.0598,16GA,0.14,0.14,0.2,45,250,88,0.021,0,Production
Powermax 85 SYNC,Mild Steel,FineCut,0.0747,14GA,0.14,0.14,0.3,45,220,88,0.021,0,Production
Powermax 85 SYNC,Mild Steel,FineCut,0.1046,12GA,0.14,0.14,0.4,45,115,91,0.032,0,Production
Powermax 85 SYNC,Mild Steel,FineCut,0.1345,10GA,0.14,0.14,0.5,45,100,89,0.031,0,Production
Powermax 105 SYNC,Mild Steel,FineCut,,0.5 mm,0.137795276,0.137795276,0,30,149.6062992,98,0.039370079,1,High Quality
Powermax 105 SYNC,Mild Steel,FineCut,,0.6 mm,0.137795276,0.137795276,0,30,149.6062992,97,0.039370079,1,High Quality
Powermax 105 SYNC,Mild Steel,FineCut,,0.8 mm,0.137795276,0.137795276,0,35,149.6062992,95,0.039370079,1,High Quality
Powermax 105 SYNC,Mild Steel,FineCut,,1 mm,0.137795276,0.137795276,0,35,149.6062992,95,0.035433071,1,High Quality
Powermax 105 SYNC,Mild Steel,FineCut,,1.5 mm,0.137795276,0.137795276,0.2,40,149.6062992,94,0.039370079,1,High Quality
Powermax 105 SYNC,Mild Steel,FineCut,,2 mm,0.137795276,0.137795276,0.3,40,93.30708661,93,0.043307087,1,High Quality
Powermax 105 SYNC,Mild Steel,FineCut,,3 mm,0.137795276,0.137795276,0.4,45,108.2677165,90,0.031496063,1,High Quality
Powermax 105 SYNC,Mild Steel,FineCut,,4 mm,0.137795276,0.137795276,0.6,45,88.58267717,88,0.031496063,1,High Quality
Powermax 105 SYNC,Mild Steel,FineCut,,0.5 mm,0.137795276,0.137795276,0,40,350.3937008,90,0.031496063,1,Production
Powermax 105 SYNC,Mild Steel,FineCut,,0.6 mm,0.137795276,0.137795276,0,40,350.3937008,90,0.031496063,1,Production
Powermax 105 SYNC,Mild Steel,FineCut,,0.8 mm,0.137795276,0.137795276,0,40,350.3937008,90,0.023622047,1,Production
Powermax 105 SYNC,Mild Steel,FineCut,,1 mm,0.137795276,0.137795276,0,40,350,90,0.023622047,1,Production
Powermax 105 SYNC,Mild Steel,FineCut,,1.5 mm,0.137795276,0.137795276,0.2,45,257.8740157,88,0.019685039,1,Production
Powermax 105 SYNC,Mild Steel,FineCut,,2 mm,0.137795276,0.137795276,0.3,45,207.0866142,88,0.019685039,1,Production
Powermax 105 SYNC,Mild Steel,FineCut,,3 mm,0.137795276,0.137795276,0.4,45,108.2677165,90,0.031496063,1,Production
Powermax 105 SYNC,Mild Steel,FineCut,,4 mm,0.137795276,0.137795276,0.6,45,88.58267717,88,0.031496063,1,Production
Powermax 105 SYNC,Mild Steel,FineCut,0.0179,26GA,0.14,0.14,0,30,150,98,0.042,0,High Quality
Powermax 105 SYNC,Mild Steel,FineCut,0.0239,24GA,0.14,0.14,0,30,150,97,0.039,0,High Quality
Powermax 105 SYNC,Mild Steel,FineCut,0.0239,22GA,0.14,0.14,0,35,150,95,0.04,0,High Quality
Powermax 105 SYNC,Mild Steel,FineCut,0.0359,20GA,0.14,0.14,0,35,150,95,0.038,0,High Quality
Powermax 105 SYNC,Mild Steel,FineCut,0.0478,18GA,0.14,0.14,0.1,35,150,94,0.035,0,High Quality
Powermax 105 SYNC,Mild Steel,FineCut,0.0598,16GA,0.14,0.14,0.2,40,150,94,0.038,0,High Quality
Powermax 105 SYNC,Mild Steel,FineCut,0.0747,14GA,0.14,0.14,0.3,40,90,93,0.042,0,High Quality
Powermax 105 SYNC,Mild Steel,FineCut,0.1046,12GA,0.14,0.14,0.4,45,115,91,0.032,0,High Quality
Powermax 105 SYNC,Mild Steel,FineCut,0.1345,10GA,0.14,0.14,0.5,45,100,89,0.031,0,High Quality
Powermax 105 SYNC,Mild Steel,FineCut,0.0179,26GA,0.14,0.14,0,40,350,90,0.033,0,Production
Powermax 105 SYNC,Mild Steel,FineCut,0.0239,24GA,0.14,0.14,0,40,350,90,0.032,0,Production
Powermax 105 SYNC,Mild Steel,FineCut,0.0239,22GA,0.14,0.14,0,40,350,90,0.026,0,Production
Powermax 105 SYNC,Mild Steel,FineCut,0.0359,20GA,0.14,0.14,0,40,350,90,0.024,0,Production
Powermax 105 SYNC,Mild Steel,FineCut,0.0478,18GA,0.14,0.14,0.1,45,350,89,0.02,0,Production
Powermax 105 SYNC,Mild Steel,FineCut,0.0598,16GA,0.14,0.14,0.2,45,250,88,0.021,0,Production
Powermax 105 SYNC,Mild Steel,FineCut,0.0747,14GA,0.14,0.14,0.3,45,220,88,0.021,0,Production
Powermax 105 SYNC,Mild Steel,FineCut,0.1046,12GA,0.14,0.14,0.4,45,115,91,0.032,0,Production
Powermax 105 SYNC,Mild Steel,FineCut,0.1345,10GA,0.14,0.14,0.5,45,100,89,0.031,0,Production
Powermax 105 SYNC,Aluminum,Standard,,"1/4""",0.125,0.25,0.5,105,265,146,0.093,0,Production
Powermax 105 SYNC,Aluminum,Standard,,"3/8""",0.125,0.25,0.8,105,136,148,0.096,0,Production
Powermax 105 SYNC,Aluminum,Standard,,"1/2""",0.125,0.25,1,105,91,150,0.098,0,Production
Powermax 105 SYNC,Aluminum,Standard,,"5/8""",0.125,0.25,1,105,66,153,0.1,0,Production
Powermax 105 SYNC,Aluminum,Standard,,"3/4""",0.125,0.25,1.3,105,50,156,0.102,0,Production
Powermax 105 SYNC,Aluminum,Standard,,"7/8""",0.125,0,0,105,40,159,0.105,0,Production
Powermax 105 SYNC,Aluminum,Standard,,"1""",0.125,0,0,105,31,163,0.109,0,Production
Powermax 105 SYNC,Aluminum,Standard,,"1-1/8""",0.125,0,0,105,24,167,0.114,0,Production
Powermax 105 SYNC,Aluminum,Standard,,"1-1/4""",0.125,0,0,105,20,170,0.122,0,Production
Powermax 105 SYNC,Aluminum,Standard,,"1/4""",0.125,0.25,0.5,105,223,146,0.093,0,High Quality
Powermax 105 SYNC,Aluminum,Standard,,"3/8""",0.125,0.25,0.8,105,110,149,0.096,0,High Quality
Powermax 105 SYNC,Aluminum,Standard,,"1/2""",0.125,0.25,1,105,70,152,0.098,0,High Quality
Powermax 105 SYNC,Aluminum,Standard,,"5/8""",0.125,0.25,1,105,52,155,0.1,0,High Quality
Powermax 105 SYNC,Aluminum,Standard,,"3/4""",0.125,0.25,1.3,105,43,159,0.102,0,High Quality
Powermax 105 SYNC,Aluminum,Standard,,"7/8""",0.125,0,0,105,34,162,0.105,0,High Quality
Powermax 105 SYNC,Aluminum,Standard,,"1""",0.125,0,0,105,26,166,0.109,0,High Quality
Powermax 105 SYNC,Aluminum,Standard,,"1-1/8""",0.125,0,0,105,19,170,0.114,0,High Quality
Powermax 105 SYNC,Aluminum,Standard,,"1-1/4""",0.125,0,0,105,15,174,0.122,0,High Quality
Powermax 85 SYNC,Aluminum,Standard,,"1/8""",0.125,0.15,0.2,85,360,136,0.076,0,Production
Powermax 85 SYNC,Aluminum,Standard,,"1/4""",0.125,0.15,0.5,85,174,139,0.089,0,Production
Powermax 85 SYNC,Aluminum,Standard,,"3/8""",0.125,0.15,0.5,85,101,143,0.097,0,Production
Powermax 85 SYNC,Aluminum,Standard,,"1/2""",0.125,0.188,0.5,85,68,146,0.102,0,Production
Powermax 85 SYNC,Aluminum,Standard,,"5/8""",0.125,0.188,1,85,48,150,0.106,0,Production
Powermax 85 SYNC,Aluminum,Standard,,"3/4""",0.125,0,0,85,37,154,0.109,0,Production
Powermax 85 SYNC,Aluminum,Standard,,"7/8""",0.125,0,0,85,29,157,0.113,0,Production
Powermax 85 SYNC,Aluminum,Standard,,"1""",0.125,0,0,85,20,159,0.119,0,Production
Powermax 85 SYNC,Aluminum,Standard,,"1/8""",0.125,0.15,0.2,85,300,137,0.076,0,High Quality
Powermax 85 SYNC,Aluminum,Standard,,"1/4""",0.125,0.15,0.5,85,133,140,0.089,0,High Quality
Powermax 85 SYNC,Aluminum,Standard,,"3/8""",0.125,0.15,0.5,85,75,144,0.097,0,High Quality
Powermax 85 SYNC,Aluminum,Standard,,"1/2""",0.125,0.188,0.5,85,51,149,0.102,0,High Quality
Powermax 85 SYNC,Aluminum,Standard,,"5/8""",0.125,0.188,1,85,38,153,0.106,0,High Quality
Powermax 85 SYNC,Aluminum,Standard,,"3/4""",0.125,0,0,85,26,157,0.109,0,High Quality
Powermax 85 SYNC,Aluminum,Standard,,"7/8""",0.125,0,0,85,19,160,0.113,0,High Quality
Powermax 85 SYNC,Aluminum,Standard,,"1""",0.125,0,0,85,15,162,0.119,0,High Quality
Powermax 65 SYNC,Aluminum,Standard,,"1/16""",0.125,0.15,0.1,65,428,133,0.056,0,Production
Powermax 65 SYNC,Aluminum,Standard,,"1/8""",0.125,0.15,0.1,65,337,133,0.059,0,Production
Powermax 65 SYNC,Aluminum,Standard,,"1/4""",0.125,0.15,0.5,65,149,135,0.064,0,Production
Powermax 65 SYNC,Aluminum,Standard,,"3/8""",0.125,0.15,0.7,65,75,138,0.069,0,Production
Powermax 65 SYNC,Aluminum,Standard,,"1/2""",0.125,0.188,1.2,65,48,143,0.076,0,Production
Powermax 65 SYNC,Aluminum,Standard,,"5/8""",0.125,0,0,65,33,147,0.083,0,Production
Powermax 65 SYNC,Aluminum,Standard,,"3/4""",0.125,0,0,65,23,152,0.092,0,Production
Powermax 65 SYNC,Aluminum,Standard,,"1/16""",0.125,0.15,0.1,65,365,134,0.056,0,High Quality
Powermax 65 SYNC,Aluminum,Standard,,"1/8""",0.125,0.15,0.1,65,280,134,0.059,0,High Quality
Powermax 65 SYNC,Aluminum,Standard,,"1/4""",0.125,0.15,0.5,65,104,137,0.064,0,High Quality
Powermax 65 SYNC,Aluminum,Standard,,"3/8""",0.125,0.15,0.7,65,52,141,0.069,0,High Quality
Powermax 65 SYNC,Aluminum,Standard,,"1/2""",0.125,0.188,1.2,65,34,146,0.076,0,High Quality
Powermax 65 SYNC,Aluminum,Standard,,"5/8""",0.125,0,0,65,25,151,0.083,0,High Quality
Powermax 65 SYNC,Aluminum,Standard,,"3/4""",0.125,0,0,65,17,155,0.092,0,High Quality
Powermax 105 SYNC,Stainless Steel,Standard,,"1/4""",0.125,0.25,0.5,105,224,140,0.075,0,Production
Powermax 105 SYNC,Stainless Steel,Standard,,"3/8""",0.125,0.25,0.5,105,112,143,0.086,0,Production
Powermax 105 SYNC,Stainless Steel,Standard,,"1/2""",0.125,0.25,0.5,105,67,147,0.096,0,Production
Powermax 105 SYNC,Stainless Steel,Standard,,"5/8""",0.125,0.25,0.8,105,45,150,0.103,0,Production
Powermax 105 SYNC,Stainless Steel,Standard,,"3/4""",0.125,0.31,1.3,105,34,153,0.109,0,Production
Powermax 105 SYNC,Stainless Steel,Standard,,"7/8""",0.125,0,0,105,27,156,0.113,0,Production
Powermax 105 SYNC,Stainless Steel,Standard,,"1""",0.125,0,0,105,20,159,0.114,0,Production
Powermax 105 SYNC,Stainless Steel,Standard,,"1-1/8""",0.125,0,0,105,16,161,0.113,0,Production
Powermax 105 SYNC,Stainless Steel,Standard,,"1-1/4""",0.125,0,0,105,13,163,0.11,0,Production
Powermax 105 SYNC,Stainless Steel,Standard,,"1/4""",0.125,0.25,0.5,105,185,140,0.075,0,High Quality
Powermax 105 SYNC,Stainless Steel,Standard,,"3/8""",0.125,0.25,0.5,105,94,144,0.086,0,High Quality
Powermax 105 SYNC,Stainless Steel,Standard,,"1/2""",0.125,0.25,0.5,105,55,148,0.096,0,High Quality
Powermax 105 SYNC,Stainless Steel,Standard,,"5/8""",0.125,0.25,0.8,105,37,151,0.103,0,High Quality
Powermax 105 SYNC,Stainless Steel,Standard,,"3/4""",0.125,0.31,1.3,105,28,154,0.109,0,High Quality
Powermax 105 SYNC,Stainless Steel,Standard,,"7/8""",0.125,0,0,105,22,157,0.113,0,High Quality
Powermax 105 SYNC,Stainless Steel,Standard,,"1""",0.125,0,0,105,17,160,0.114,0,High Quality
Powermax 105 SYNC,Stainless Steel,Standard,,"1-1/8""",0.125,0,0,105,14,161,0.113,0,High Quality
Powermax 105 SYNC,Stainless Steel,Standard,,"1-1/4""",0.125,0,0,105,12,163,0.11,0,High Quality
Powermax 85 SYNC,Stainless Steel,Standard,0.1406,10GA,0.125,0.15,0.2,85,335,131,0.06,0,Production
Powermax 85 SYNC,Stainless Steel,Standard,,"3/16""",0.125,0.15,0.2,85,243,133,0.071,0,Production
Powermax 85 SYNC,Stainless Steel,Standard,,"1/4""",0.125,0.15,0.5,85,161,134,0.082,0,Production
Powermax 85 SYNC,Stainless Steel,Standard,,"3/8""",0.125,0.15,0.5,85,81,137,0.094,0,Production
Powermax 85 SYNC,Stainless Steel,Standard,,"1/2""",0.125,0.188,0.5,85,47,141,0.098,0,Production
Powermax 85 SYNC,Stainless Steel,Standard,,"5/8""",0.125,0.188,1,85,32,144,0.098,0,Production
Powermax 85 SYNC,Stainless Steel,Standard,,"3/4""",0.125,0,0,85,23,147,0.102,0,Production
Powermax 85 SYNC,Stainless Steel,Standard,,"7/8""",0.125,0,0,85,18,150,0.114,0,Production
Powermax 85 SYNC,Stainless Steel,Standard,,"1""",0.125,0,0,85,15,152,0.141,0,Production
Powermax 85 SYNC,Stainless Steel,Standard,0.1406,10GA,0.125,0.15,0.2,85,275,133,0.06,0,High Quality
Powermax 85 SYNC,Stainless Steel,Standard,,"3/16""",0.125,0.15,0.2,85,199,134,0.071,0,High Quality
Powermax 85 SYNC,Stainless Steel,Standard,,"1/4""",0.125,0.15,0.5,85,131,135,0.082,0,High Quality
Powermax 85 SYNC,Stainless Steel,Standard,,"3/8""",0.125,0.15,0.5,85,65,139,0.094,0,High Quality
Powermax 85 SYNC,Stainless Steel,Standard,,"1/2""",0.125,0.188,0.5,85,36,142,0.098,0,High Quality
Powermax 85 SYNC,Stainless Steel,Standard,,"5/8""",0.125,0.188,1,85,27,146,0.098,0,High Quality
Powermax 85 SYNC,Stainless Steel,Standard,,"3/4""",0.125,0,0,85,21,150,0.102,0,High Quality
Powermax 85 SYNC,Stainless Steel,Standard,,"7/8""",0.125,0,0,85,16,153,0.114,0,High Quality
Powermax 85 SYNC,Stainless Steel,Standard,,"1""",0.125,0,0,85,11,155,0.141,0,High Quality
Powermax 65 SYNC,Stainless Steel,Standard,0.1406,10GA,0.125,0.15,0.1,65,295,131,0.047,0,Production
Powermax 65 SYNC,Stainless Steel,Standard,,"3/16""",0.125,0.15,0.2,65,171,132,0.055,0,Production
Powermax 65 SYNC,Stainless Steel,Standard,,"1/4""",0.125,0.15,0.5,65,95,133,0.064,0,Production
Powermax 65 SYNC,Stainless Steel,Standard,,"3/8""",0.125,0.15,0.7,65,47,135,0.075,0,Production
Powermax 65 SYNC,Stainless Steel,Standard,,"1/2""",0.125,0.188,1.2,65,31,139,0.082,0,Production
Powermax 65 SYNC,Stainless Steel,Standard,,"5/8""",0.125,0,0,65,21,143,0.087,0,Production
Powermax 65 SYNC,Stainless Steel,Standard,,"3/4""",0.125,0,0,65,15,147,0.096,0,Production
Powermax 65 SYNC,Stainless Steel,Standard,0.1406,10GA,0.125,0.15,0.1,65,241,132,0.047,0,High Quality
Powermax 65 SYNC,Stainless Steel,Standard,,"3/16""",0.125,0.15,0.2,65,150,133,0.055,0,High Quality
Powermax 65 SYNC,Stainless Steel,Standard,,"1/4""",0.125,0.15,0.5,65,86,134,0.064,0,High Quality
Powermax 65 SYNC,Stainless Steel,Standard,,"3/8""",0.125,0.15,0.7,65,40,136,0.075,0,High Quality
Powermax 65 SYNC,Stainless Steel,Standard,,"1/2""",0.125,0.188,1.2,65,27,140,0.082,0,High Quality
Powermax 65 SYNC,Stainless Steel,Standard,,"5/8""",0.125,0,0,65,19,144,0.087,0,High Quality
Powermax 65 SYNC,Stainless Steel,Standard,,"3/4""",0.125,0,0,65,14,148,0.096,0,High Quality
Powermax 45 SYNC,Mild Steel,Standard,,0.5 mm,0.125984252,0.149606299,0,45,492.1259843,136,0.043307087,1,Production
Powermax 45 SYNC,Mild Steel,Standard,,1 mm,0.125984252,0.149606299,0.1,45,425.1968504,137,0.031496063,1,Production
Powermax 45 SYNC,Mild Steel,Standard,,1.5 mm,0.125984252,0.149606299,0.1,45,397.6377953,137,0.023622047,1,Production
Powermax 45 SYNC,Mild Steel,Standard,,2 mm,0.125984252,0.149606299,0.2,45,303.1496063,133,0.023622047,1,Production
Powermax 45 SYNC,Mild Steel,Standard,,3 mm,0.125984252,0.149606299,0.4,45,200.7874016,136,0.031496063,1,Production
Powermax 45 SYNC,Mild Steel,Standard,,4 mm,0.125984252,0.149606299,0.4,45,153.5433071,137,0.039370079,1,Production
Powermax 45 SYNC,Mild Steel,Standard,,6 mm,0.125984252,0.149606299,0.6,45,84.64566929,139,0.047244095,1,Production
Powermax 45 SYNC,Mild Steel,Standard,,8 mm,0.125984252,0.149606299,0.7,45,55.11811024,141,0.051181102,1,Production
Powermax 45 SYNC,Mild Steel,Standard,,10 mm,0.125984252,0.149606299,0.8,45,35.82677165,142,0.05511811,1,Production
Powermax 45 SYNC,Mild Steel,Standard,,12 mm,0.125984252,0.149606299,1,45,27.16535433,144,0.062992126,1,Production
Powermax 45 SYNC,Mild Steel,Standard,,16 mm,0.125984252,0,0,45,15.7480315,151,0.062992126,1,Production
Powermax 45 SYNC,Mild Steel,Standard,,20 mm,0.125984252,0,0,45,6.692913386,160,0.078740158,1,Production
Powermax 45 SYNC,Mild Steel,Standard,,25 mm,0.125984252,0,0,45,4.330708661,166,0.086614173,1,Production
Powermax 45 SYNC,Mild Steel,Standard,,0.5 mm,0.125984252,0.149606299,0,45,350.3937008,137,0.043307087,1,High Quality
Powermax 45 SYNC,Mild Steel,Standard,,1 mm,0.125984252,0.149606299,0.1,45,350.3937008,136,0.031496063,1,High Quality
Powermax 45 SYNC,Mild Steel,Standard,,1.5 mm,0.125984252,0.149606299,0.1,45,350.3937008,137,0.023622047,1,High Quality
Powermax 45 SYNC,Mild Steel,Standard,,2 mm,0.125984252,0.149606299,0.2,45,263.7795276,133,0.023622047,1,High Quality
Powermax 45 SYNC,Mild Steel,Standard,,3 mm,0.125984252,0.149606299,0.4,45,137.7952756,137,0.031496063,1,High Quality
Powermax 45 SYNC,Mild Steel,Standard,,4 mm,0.125984252,0.149606299,0.4,45,90.5511811,138,0.039370079,1,High Quality
Powermax 45 SYNC,Mild Steel,Standard,,6 mm,0.125984252,0.149606299,0.6,45,54.72440945,140,0.047244095,1,High Quality
Powermax 45 SYNC,Mild Steel,Standard,,8 mm,0.125984252,0.149606299,0.7,45,39.37007874,141,0.051181102,1,High Quality
Powermax 45 SYNC,Mild Steel,Standard,,10 mm,0.125984252,0.149606299,0.8,45,30.70866142,143,0.05511811,1,High Quality
Powermax 45 SYNC,Mild Steel,Standard,,12 mm,0.125984252,0.149606299,1,45,21.25984252,149,0.062992126,1,High Quality
Powermax 45 SYNC,Mild Steel,Standard,,16 mm,0.125984252,0,0,45,12.79527559,153,0.062992126,1,High Quality
Powermax 45 SYNC,Mild Steel,Standard,,20 mm,0.125984252,0,0,45,6.692913386,160,0.078740158,1,High Quality
Powermax 45 SYNC,Mild Steel,Standard,,25 mm,0.125984252,0,0,45,4.330708661,166,0.086614173,1,High Quality
Powermax 45 SYNC,Mild Steel,Standard,0.0179,26 GA,0.125,0.15,0,45,501,136,0.045,0,Production
Powermax 45 SYNC,Mild Steel,Standard,0.0239,22 GA,0.125,0.15,0,45,445,136,0.037,0,Production
Powermax 45 SYNC,Mild Steel,Standard,0.0478,18 GA,0.125,0.15,0.1,45,408,137,0.026,0,Production
Powermax 45 SYNC,Mild Steel,Standard,0.0598,16 GA,0.125,0.15,0.1,45,398,137,0.023,0,Production
Powermax 45 SYNC,Mild Steel,Standard,0.0747,14 GA,0.125,0.15,0.2,45,318,132,0.022,0,Production
Powermax 45 SYNC,Mild Steel,Standard,0.1046,12 GA,0.125,0.15,0.4,45,219,136,0.024,0,Production
Powermax 45 SYNC,Mild Steel,Standard,0.1345,10 GA,0.125,0.15,0.4,45,181,137,0.043,0,Production
Powermax 45 SYNC,Mild Steel,Standard,,3/16”,0.125,0.15,0.5,45,122,138,0.039,0,Production
Powermax 45 SYNC,Mild Steel,Standard,,1/4”,0.125,0.15,0.6,45,74,139,0.052,0,Production
Powermax 45 SYNC,Mild Steel,Standard,,3/8”,0.125,0.15,0.8,45,38,142,0.052,0,Production
Powermax 45 SYNC,Mild Steel,Standard,,1/2”,0.125,0.15,1,45,24,145,0.067,0,Production
Powermax 45 SYNC,Mild Steel,Standard,,5/8”,0.125,0,0,45,16,151,0.064,0,Production
Powermax 45 SYNC,Mild Steel,Standard,,3/4”,0.125,0,0,45,7,159,0.082,0,Production
Powermax 45 SYNC,Mild Steel,Standard,,7/8”,0.125,0,0,45,6,163,0.076,0,Production
Powermax 45 SYNC,Mild Steel,Standard,,1”,0.125,0,0,45,4,167,0.087,0,Production
Powermax 45 SYNC,Mild Steel,Standard,0.0179,26 GA,0.125,0.15,0,45,350,137,0.045,0,High Quality
Powermax 45 SYNC,Mild Steel,Standard,0.0239,22 GA,0.125,0.15,0,45,350,137,0.037,0,High Quality
Powermax 45 SYNC,Mild Steel,Standard,0.0478,18 GA,0.125,0.15,0.1,45,350,136,0.026,0,High Quality
Powermax 45 SYNC,Mild Steel,Standard,0.0598,16 GA,0.125,0.15,0.1,45,350,137,0.023,0,High Quality
Powermax 45 SYNC,Mild Steel,Standard,0.0747,14 GA,0.125,0.15,0.2,45,278,132,0.022,0,High Quality
Powermax 45 SYNC,Mild Steel,Standard,0.1046,12 GA,0.125,0.15,0.4,45,173,136,0.024,0,High Quality
Powermax 45 SYNC,Mild Steel,Standard,0.1345,10 GA,0.125,0.15,0.4,45,95,138,0.043,0,High Quality
Powermax 45 SYNC,Mild Steel,Standard,,3/16”,0.125,0.15,0.5,45,85,139,0.039,0,High Quality
Powermax 45 SYNC,Mild Steel,Standard,,1/4”,0.125,0.15,0.6,45,46,140,0.052,0,High Quality
Powermax 45 SYNC,Mild Steel,Standard,,3/8”,0.125,0.15,0.8,45,33,142,0.052,0,High Quality
Powermax 45 SYNC,Mild Steel,Standard,,1/2”,0.125,0.15,1,45,18,151,0.067,0,High Quality
Powermax 45 SYNC,Mild Steel,Standard,,5/8”,0.125,0,0,45,13,153,0.064,0,High Quality
Powermax 45 SYNC,Mild Steel,Standard,,3/4”,0.125,0,0,45,7,159,0.082,0,High Quality
Powermax 45 SYNC,Mild Steel,Standard,,7/8”,0.125,0,0,45,6,163,0.076,0,High Quality
Powermax 45 SYNC,Mild Steel,Standard,,1”,0.125,0,0,45,4,167,0.087,0,High Quality
Powermax 45 SYNC,Stainless Steel,Standard,,0.5 mm,0.125984252,0.149606299,0,45,492.1259843,127,0.039370079,1,Production
Powermax 45 SYNC,Stainless Steel,Standard,,1 mm,0.125984252,0.149606299,0.1,45,425.1968504,135,0.027559055,1,Production
Powermax 45 SYNC,Stainless Steel,Standard,,1.5 mm,0.125984252,0.149606299,0.1,45,401.5748031,135,0.015748032,1,Production
Powermax 45 SYNC,Stainless Steel,Standard,,2 mm,0.125984252,0.149606299,0.2,45,338.5826772,135,0.019685039,1,Production
Powermax 45 SYNC,Stainless Steel,Standard,,3 mm,0.125984252,0.149606299,0.4,45,177.1653543,141,0.035433071,1,Production
Powermax 45 SYNC,Stainless Steel,Standard,,4 mm,0.125984252,0.149606299,0.4,45,110.2362205,142,0.047244095,1,Production
Powermax 45 SYNC,Stainless Steel,Standard,,6 mm,0.125984252,0.149606299,0.6,45,61.02362205,143,0.059055118,1,Production
Powermax 45 SYNC,Stainless Steel,Standard,,8 mm,0.125984252,0.149606299,0.7,45,43.30708661,144,0.062992126,1,Production
Powermax 45 SYNC,Stainless Steel,Standard,,10 mm,0.125984252,0.149606299,0.8,45,27.55905512,145,0.062992126,1,Production
Powermax 45 SYNC,Stainless Steel,Standard,,12 mm,0.125984252,0.181102362,1,45,21.25984252,147,0.066929134,1,Production
Powermax 45 SYNC,Stainless Steel,Standard,,16 mm,0.125984252,0,0,45,12.99212598,151,0.066929134,1,Production
Powermax 45 SYNC,Stainless Steel,Standard,,20 mm,0.125984252,0,0,45,8.267716535,154,0.078740158,1,Production
Powermax 45 SYNC,Stainless Steel,Standard,,0.5 mm,0.125984252,0.149606299,0,45,350.3937008,128,0.039370079,1,High Quality
Powermax 45 SYNC,Stainless Steel,Standard,,1 mm,0.125984252,0.149606299,0.1,45,350.3937008,136,0.027559055,1,High Quality
Powermax 45 SYNC,Stainless Steel,Standard,,1.5 mm,0.125984252,0.149606299,0.1,45,350.3937008,134,0.015748032,1,High Quality
Powermax 45 SYNC,Stainless Steel,Standard,,2 mm,0.125984252,0.149606299,0.2,45,232.2834646,136,0.019685039,1,High Quality
Powermax 45 SYNC,Stainless Steel,Standard,,3 mm,0.125984252,0.149606299,0.4,45,122.0472441,139,0.035433071,1,High Quality
Powermax 45 SYNC,Stainless Steel,Standard,,4 mm,0.125984252,0.149606299,0.4,45,80.70866142,139,0.047244095,1,High Quality
Powermax 45 SYNC,Stainless Steel,Standard,,6 mm,0.125984252,0.149606299,0.6,45,35.43307087,143,0.059055118,1,High Quality
Powermax 45 SYNC,Stainless Steel,Standard,,8 mm,0.125984252,0.149606299,0.7,45,27.95275591,144,0.062992126,1,High Quality
Powermax 45 SYNC,Stainless Steel,Standard,,10 mm,0.125984252,0.149606299,0.8,45,24.01574803,146,0.062992126,1,High Quality
Powermax 45 SYNC,Stainless Steel,Standard,,12 mm,0.125984252,0.181102362,1,45,14.96062992,149,0.066929134,1,High Quality
Powermax 45 SYNC,Stainless Steel,Standard,,16 mm,0.125984252,0,0,45,9.842519685,152,0.066929134,1,High Quality
Powermax 45 SYNC,Stainless Steel,Standard,,20 mm,0.125984252,0,0,45,6.299212598,157,0.078740158,1,High Quality
Powermax 45 SYNC,Stainless Steel,Standard,0.0187,26 GA,0.125,0.15,0,45,501,126,0.041,0,Production
Powermax 45 SYNC,Stainless Steel,Standard,0.0312,22 GA,0.125,0.15,0,45,445,135,0.032,0,Production
Powermax 45 SYNC,Stainless Steel,Standard,0.05,18 GA,0.125,0.15,0.1,45,408,135,0.024,0,Production
Powermax 45 SYNC,Stainless Steel,Standard,0.0625,16 GA,0.125,0.15,0.1,45,401,135,0.017,0,Production
Powermax 45 SYNC,Stainless Steel,Standard,0.0781,14 GA,0.125,0.15,0.2,45,357,134,0.019,0,Production
Powermax 45 SYNC,Stainless Steel,Standard,0.1093,12 GA,0.125,0.15,0.4,45,214,140,0.025,0,Production
Powermax 45 SYNC,Stainless Steel,Standard,0.1406,10 GA,0.125,0.15,0.4,45,134,142,0.044,0,Production
Powermax 45 SYNC,Stainless Steel,Standard,,3/16”,0.125,0.15,0.5,45,70,143,0.05,0,Production
Powermax 45 SYNC,Stainless Steel,Standard,,1/4”,0.125,0.15,0.6,45,59,143,0.062,0,Production
Powermax 45 SYNC,Stainless Steel,Standard,,3/8”,0.125,0.15,0.8,45,29,144,0.062,0,Production
Powermax 45 SYNC,Stainless Steel,Standard,,1/2”,0.125,0.18,1,45,19,148,0.068,0,Production
Powermax 45 SYNC,Stainless Steel,Standard,,5/8”,0.125,0,0,45,13,151,0.066,0,Production
Powermax 45 SYNC,Stainless Steel,Standard,,3/4”,0.125,0,0,45,9,153,0.082,0,Production
Powermax 45 SYNC,Stainless Steel,Standard,,7/8”,0.125,0,0,45,6,157,0.073,0,Production
Powermax 45 SYNC,Stainless Steel,Standard,0.0187,26 GA,0.125,0.15,0,45,350,127,0.041,0,High Quality
Powermax 45 SYNC,Stainless Steel,Standard,0.0312,22 GA,0.125,0.15,0,45,350,136,0.032,0,High Quality
Powermax 45 SYNC,Stainless Steel,Standard,0.05,18 GA,0.125,0.15,0.1,45,350,136,0.024,0,High Quality
Powermax 45 SYNC,Stainless Steel,Standard,0.0625,16 GA,0.125,0.15,0.1,45,350,134,0.017,0,High Quality
Powermax 45 SYNC,Stainless Steel,Standard,0.0781,14 GA,0.125,0.15,0.2,45,248,135,0.019,0,High Quality
Powermax 45 SYNC,Stainless Steel,Standard,0.1093,12 GA,0.125,0.15,0.4,45,145,141,0.025,0,High Quality
Powermax 45 SYNC,Stainless Steel,Standard,0.1406,10 GA,0.125,0.15,0.4,45,94,137,0.044,0,High Quality
Powermax 45 SYNC,Stainless Steel,Standard,,3/16”,0.125,0.15,0.5,45,55,142,0.05,0,High Quality
Powermax 45 SYNC,Stainless Steel,Standard,,1/4”,0.125,0.15,0.6,45,30,143,0.062,0,High Quality
Powermax 45 SYNC,Stainless Steel,Standard,,3/8”,0.125,0.15,0.8,45,26,145,0.062,0,High Quality
Powermax 45 SYNC,Stainless Steel,Standard,,1/2”,0.125,0.18,1,45,12,150,0.068,0,High Quality
Powermax 45 SYNC,Stainless Steel,Standard,,5/8”,0.125,0,0,45,10,152,0.066,0,High Quality
Powermax 45 SYNC,Stainless Steel,Standard,,3/4”,0.125,0,0,45,7,156,0.082,0,High Quality
Powermax 45 SYNC,Stainless Steel,Standard,,7/8”,0.125,0,0,45,5,158,0.073,0,High Quality
Powermax 45 SYNC,Aluminum,Standard,,1 mm,0.125984252,0.149606299,0,45,437.007874,138,0.059055118,1,Production
Powermax 45 SYNC,Aluminum,Standard,,2 mm,0.125984252,0.149606299,0.1,45,358.2677165,137,0.047244095,1,Production
Powermax 45 SYNC,Aluminum,Standard,,3 mm,0.125984252,0.149606299,0.1,45,275.5905512,140,0.043307087,1,Production
Powermax 45 SYNC,Aluminum,Standard,,4 mm,0.125984252,0.149606299,0.1,45,220.4724409,141,0.043307087,1,Production
Powermax 45 SYNC,Aluminum,Standard,,6 mm,0.125984252,0.149606299,0.2,45,122.0472441,144,0.039370079,1,Production
Powermax 45 SYNC,Aluminum,Standard,,8 mm,0.125984252,0.149606299,0.5,45,71.65354331,146,0.047244095,1,Production
Powermax 45 SYNC,Aluminum,Standard,,10 mm,0.125984252,0.149606299,0.8,45,39.76377953,148,0.051181102,1,Production
Powermax 45 SYNC,Aluminum,Standard,,12 mm,0.125984252,0,0,45,29.52755906,152,0.047244095,1,Production
Powermax 45 SYNC,Aluminum,Standard,,16 mm,0.125984252,0,0,45,14.76377953,159,0.043307087,1,Production
Powermax 45 SYNC,Aluminum,Standard,,1 mm,0.125984252,0.149606299,0,45,326.7716535,140,0.059055118,1,High Quality
Powermax 45 SYNC,Aluminum,Standard,,2 mm,0.125984252,0.149606299,0.1,45,251.9685039,139,0.047244095,1,High Quality
Powermax 45 SYNC,Aluminum,Standard,,3 mm,0.125984252,0.149606299,0.1,45,173.2283465,142,0.043307087,1,High Quality
Powermax 45 SYNC,Aluminum,Standard,,4 mm,0.125984252,0.149606299,0.1,45,143.7007874,143,0.043307087,1,High Quality
Powermax 45 SYNC,Aluminum,Standard,,6 mm,0.125984252,0.149606299,0.2,45,80.70866142,146,0.039370079,1,High Quality
Powermax 45 SYNC,Aluminum,Standard,,8 mm,0.125984252,0.149606299,0.5,45,52.36220472,147,0.047244095,1,High Quality
Powermax 45 SYNC,Aluminum,Standard,,10 mm,0.125984252,0.149606299,0.8,45,33.85826772,148,0.051181102,1,High Quality
Powermax 45 SYNC,Aluminum,Standard,,12 mm,0.125984252,0,0,45,24.40944882,153,0.047244095,1,High Quality
Powermax 45 SYNC,Aluminum,Standard,,16 mm,0.125984252,0,0,45,13.77952756,159,0.043307087,1,High Quality
Powermax 45 SYNC,Aluminum,Standard,,1/32”,0.125,0.15,0,45,449,139,0.061,0,Production
Powermax 45 SYNC,Aluminum,Standard,,1/16”,0.125,0.15,0,45,406,135,0.046,0,Production
Powermax 45 SYNC,Aluminum,Standard,,3/32”,0.125,0.15,0.1,45,312,138,0.048,0,Production
Powermax 45 SYNC,Aluminum,Standard,,1/8”,0.125,0.15,0.1,45,263,140,0.043,0,Production
Powermax 45 SYNC,Aluminum,Standard,,1/4”,0.125,0.15,0.2,45,104,145,0.041,0,Production
Powermax 45 SYNC,Aluminum,Standard,,3/8”,0.125,0.15,0.7,45,42,147,0.053,0,Production
Powermax 45 SYNC,Aluminum,Standard,,1/2”,0.125,0,0,45,26,153,0.045,0,Production
Powermax 45 SYNC,Aluminum,Standard,,5/8”,0.125,0,0,45,15,159,0.044,0,Production
Powermax 45 SYNC,Aluminum,Standard,,3/4”,0.125,0,0,45,9,162,0.033,0,Production
Powermax 45 SYNC,Aluminum,Standard,,1/32”,0.125,0.15,0,45,325,142,0.061,0,High Quality
Powermax 45 SYNC,Aluminum,Standard,,1/16”,0.125,0.15,0,45,325,136,0.046,0,High Quality
Powermax 45 SYNC,Aluminum,Standard,,3/32”,0.125,0.15,0.1,45,183,141,0.048,0,High Quality
Powermax 45 SYNC,Aluminum,Standard,,1/8”,0.125,0.15,0.1,45,170,142,0.043,0,High Quality
Powermax 45 SYNC,Aluminum,Standard,,1/4”,0.125,0.15,0.2,45,70,146,0.041,0,High Quality
Powermax 45 SYNC,Aluminum,Standard,,3/8”,0.125,0.15,0.7,45,36,147,0.053,0,High Quality
Powermax 45 SYNC,Aluminum,Standard,,1/2”,0.125,0,0,45,21,155,0.045,0,High Quality
Powermax 45 SYNC,Aluminum,Standard,,5/8”,0.125,0,0,45,14,159,0.044,0,High Quality
Powermax 45 SYNC,Aluminum,Standard,,3/4”,0.125,0,0,45,8,163,0.033,0,High Quality
Powermax 45 SYNC,Mild Steel,FineCut,,0.5 mm,0.137795276,0.137795276,0,40,350.3937008,90,0.035433071,1,Production
Powermax 45 SYNC,Mild Steel,FineCut,,0.6 mm,0.137795276,0.137795276,0,40,350.3937008,9,0.031496063,1,Production
Powermax 45 SYNC,Mild Steel,FineCut,,0.8 mm,0.137795276,0.137795276,0,40,350.3937008,91,0.027559055,1,Production
Powermax 45 SYNC,Mild Steel,FineCut,,1 mm,0.137795276,0.137795276,0,40,350.3937008,91,0.023622047,1,Production
Powermax 45 SYNC,Mild Steel,FineCut,,1.5 mm,0.137795276,0.137795276,0.2,45,255.9055118,87,0.027559055,1,Production
Powermax 45 SYNC,Mild Steel,FineCut,,2 mm,0.137795276,0.137795276,0.3,45,204.7244094,89,0.023622047,1,Production
Powermax 45 SYNC,Mild Steel,FineCut,,3 mm,0.137795276,0.137795276,0.4,45,108.2677165,87,0.031496063,1,Production
Powermax 45 SYNC,Mild Steel,FineCut,,4 mm,0.137795276,0.137795276,0.6,45,88.58267717,91,0.023622047,1,Production
Powermax 45 SYNC,Mild Steel,FineCut,0.0179,26 GA,0.14,0.14,0,40,350,90,0.035,0,Production
Powermax 45 SYNC,Mild Steel,FineCut,0.0239,24 GA,0.14,0.14,0,40,350,91,0.033,0,Production
Powermax 45 SYNC,Mild Steel,FineCut,0.0239,22 GA,0.14,0.14,0,40,350,90,0.03,0,Production
Powermax 45 SYNC,Mild Steel,FineCut,0.0359,20 GA,0.14,0.14,0,40,350,92,0.025,0,Production
Powermax 45 SYNC,Mild Steel,FineCut,0.0478,18 GA,0.14,0.14,0.1,45,350,89,0.021,0,Production
Powermax 45 SYNC,Mild Steel,FineCut,0.0598,16 GA,0.14,0.14,0.2,45,250,87,0.027,0,Production
Powermax 45 SYNC,Mild Steel,FineCut,0.0747,14 GA,0.14,0.14,0.3,45,220,90,0.02,0,Production
Powermax 45 SYNC,Mild Steel,FineCut,0.1046,12 GA,0.14,0.14,0.4,45,115,86,0.034,0,Production
Powermax 45 SYNC,Mild Steel,FineCut,0.1345,10 GA,0.14,0.14,0.5,45,100,89,0.029,0,Production
Powermax 45 SYNC,Mild Steel,FineCut,,0.5 mm,0.137795276,0.137795276,0,30,149.6062992,96,0.039370079,1,High Quality
Powermax 45 SYNC,Mild Steel,FineCut,,0.6 mm,0.137795276,0.137795276,0,30,149.6062992,95,0.039370079,1,High Quality
Powermax 45 SYNC,Mild Steel,FineCut,,0.8 mm,0.137795276,0.137795276,0,35,149.6062992,93,0.039370079,1,High Quality
Powermax 45 SYNC,Mild Steel,FineCut,,1 mm,0.137795276,0.137795276,0,40,149.6062992,93,0.039370079,1,High Quality
Powermax 45 SYNC,Mild Steel,FineCut,,1.5 mm,0.137795276,0.137795276,0.2,40,149.6062992,89,0.035433071,1,High Quality
Powermax 45 SYNC,Mild Steel,FineCut,,2 mm,0.137795276,0.137795276,0.3,40,93.30708661,91,0.043307087,1,High Quality
Powermax 45 SYNC,Mild Steel,FineCut,,3 mm,0.137795276,0.137795276,0.4,45,108.2677165,87,0.031496063,1,High Quality
Powermax 45 SYNC,Mild Steel,FineCut,,4 mm,0.137795276,0.137795276,0.6,45,88.58267717,91,0.023622047,1,High Quality
Powermax 45 SYNC,Mild Steel,FineCut,0.0179,26 GA,0.14,0.14,0,30,150,96,0.04,0,High Quality
Powermax 45 SYNC,Mild Steel,FineCut,0.0239,24 GA,0.14,0.14,0,30,150,95,0.039,0,High Quality
Powermax 45 SYNC,Mild Steel,FineCut,0.0239,22 GA,0.14,0.14,0,35,150,93,0.039,0,High Quality
Powermax 45 SYNC,Mild Steel,FineCut,0.0359,20 GA,0.14,0.14,0,35,150,94,0.038,0,High Quality
Powermax 45 SYNC,Mild Steel,FineCut,0.0478,18 GA,0.14,0.14,0.1,35,150,92,0.036,0,High Quality
Powermax 45 SYNC,Mild Steel,FineCut,0.0598,16 GA,0.14,0.14,0.2,40,150,89,0.036,0,High Quality
Powermax 45 SYNC,Mild Steel,FineCut,0.0747,14 GA,0.14,0.14,0.3,40,90,92,0.043,0,High Quality
Powermax 45 SYNC,Mild Steel,FineCut,0.1046,12 GA,0.14,0.14,0.4,45,115,86,0.034,0,High Quality
Powermax 45 SYNC,Mild Steel,FineCut,0.1345,10 GA,0.14,0.14,0.5,45,100,89,0.029,0,High Quality
Powermax 45 SYNC,Stainless Steel,FineCut,,0.5 mm,0.019685039,0.137795276,0,40,350.3937008,69,0.023622047,1,Production
Powermax 45 SYNC,Stainless Steel,FineCut,,0.6 mm,0.019685039,0.137795276,0,40,350.3937008,63,0.023622047,1,Production
Powermax 45 SYNC,Stainless Steel,FineCut,,0.8 mm,0.019685039,0.137795276,0,40,350.3937008,64,0.019685039,1,Production
Powermax 45 SYNC,Stainless Steel,FineCut,,1 mm,0.019685039,0.137795276,0.1,40,350.3937008,64,0.011811024,1,Production
Powermax 45 SYNC,Stainless Steel,FineCut,,1.5 mm,0.019685039,0.137795276,0.3,45,248.0314961,62,0.015748032,1,Production
Powermax 45 SYNC,Stainless Steel,FineCut,,2 mm,0.019685039,0.137795276,0.4,45,188.976378,61,0.015748032,1,Production
Powermax 45 SYNC,Stainless Steel,FineCut,,3 mm,0.019685039,0.137795276,0.5,45,100.3937008,66,0.027559055,1,Production
Powermax 45 SYNC,Stainless Steel,FineCut,,4 mm,0.019685039,0.137795276,0.7,45,41.33858268,73,0.047244095,1,Production
Powermax 45 SYNC,Stainless Steel,FineCut,0.0187,26 GA,0.02,0.14,0,40,350,71,0.026,0,Production
Powermax 45 SYNC,Stainless Steel,FineCut,0.025,24 GA,0.02,0.14,0,40,350,63,0.023,0,Production
Powermax 45 SYNC,Stainless Steel,FineCut,0.0312,22 GA,0.02,0.14,0,40,350,63,0.02,0,Production
Powermax 45 SYNC,Stainless Steel,FineCut,0.0375,20 GA,0.02,0.14,0.1,40,350,65,0.014,0,Production
Powermax 45 SYNC,Stainless Steel,FineCut,0.05,18 GA,0.02,0.14,0.2,45,350,61,0.013,0,Production
Powermax 45 SYNC,Stainless Steel,FineCut,0.0625,16 GA,0.02,0.14,0.3,45,240,62,0.015,0,Production
Powermax 45 SYNC,Stainless Steel,FineCut,0.0781,14 GA,0.02,0.14,0.4,45,200,61,0.015,0,Production
Powermax 45 SYNC,Stainless Steel,FineCut,0.1093,12 GA,0.02,0.14,0.5,45,120,64,0.018,0,Production
Powermax 45 SYNC,Stainless Steel,FineCut,0.1406,10 GA,0.02,0.14,0.6,45,75,69,0.035,0,Production
Powermax 45 SYNC,Stainless Steel,FineCut,,0.5 mm,0.019685039,0.137795276,0,30,149.6062992,74,0.031496063,1,High Quality
Powermax 45 SYNC,Stainless Steel,FineCut,,0.6 mm,0.019685039,0.137795276,0,30,149.6062992,71,0.027559055,1,High Quality
Powermax 45 SYNC,Stainless Steel,FineCut,,0.8 mm,0.019685039,0.137795276,0,30,149.6062992,68,0.023622047,1,High Quality
Powermax 45 SYNC,Stainless Steel,FineCut,,1 mm,0.019685039,0.137795276,0.1,40,149.6062992,68,0.023622047,1,High Quality
Powermax 45 SYNC,Stainless Steel,FineCut,,1.5 mm,0.019685039,0.137795276,0.3,40,141.7322835,65,0.019685039,1,High Quality
Powermax 45 SYNC,Stainless Steel,FineCut,,2 mm,0.019685039,0.137795276,0.4,40,112.2047244,64,0.019685039,1,High Quality
Powermax 45 SYNC,Stainless Steel,FineCut,,3 mm,0.019685039,0.137795276,0.5,45,100.3937008,66,0.027559055,1,High Quality
Powermax 45 SYNC,Stainless Steel,FineCut,,4 mm,0.019685039,0.137795276,0.7,45,41.33858268,73,0.047244095,1,High Quality
Powermax 45 SYNC,Stainless Steel,FineCut,0.0187,26 GA,0.02,0.14,0,30,150,75,0.032,0,High Quality
Powermax 45 SYNC,Stainless Steel,FineCut,0.025,24 GA,0.02,0.14,0,30,150,71,0.029,0,High Quality
Powermax 45 SYNC,Stainless Steel,FineCut,0.0312,22 GA,0.02,0.14,0,30,150,67,0.025,0,High Quality
Powermax 45 SYNC,Stainless Steel,FineCut,0.0375,20 GA,0.02,0.14,0.1,30,150,69,0.022,0,High Quality
Powermax 45 SYNC,Stainless Steel,FineCut,0.05,18 GA,0.02,0.14,0.2,40,145,65,0.023,0,High Quality
Powermax 45 SYNC,Stainless Steel,FineCut,0.0625,16 GA,0.02,0.14,0.3,40,140,65,0.02,0,High Quality
Powermax 45 SYNC,Stainless Steel,FineCut,0.0781,14 GA,0.02,0.14,0.4,40,110,64,0.021,0,High Quality
Powermax 45 SYNC,Stainless Steel,FineCut,0.1093,12 GA,0.02,0.14,0.5,45,120,64,0.018,0,High Quality
Powermax 45 SYNC,Stainless Steel,FineCut,0.1406,10 GA,0.02,0.14,0.6,45,75,69,0.035,0,High Quality
